uf;cod_munic;municipio;pop_2010_compatibilizada;pop_2022;crescimento_2010_2022
AM;2603;Manaus;1802014;2063689;261675
DF;108;Brasília;2572159;2817381;245222
SP;50308;São Paulo;11253503;11451999;198496
SP;52205;Sorocaba;586816;723682;136866
GO;8707;Goiânia;1301912;1437366;135454
RR;100;Boa Vista;284313;413486;129173
SC;5407;Florianópolis;421240;537211;115971
PA;5536;Parauapebas;153908;267836;113928
MS;2704;Campo Grande;786774;898100;111326
PB;7507;João Pessoa;723515;833932;110417
MG;70206;Uberlândia;604013;713224;109211
ES;5002;Serra;417330;520653;103323
SC;9102;Joinville;515288;616317;101029
MT;3403;Cuiabá;553202;650877;97675
SP;43402;Ribeirão Preto;604682;698642;93960
PE;11101;Petrolina;293962;386791;92829
SP;41000;Praia Grande;262051;349935;87884
SC;11900;Palhoça;137334;222598;85264
MT;7909;Sinop;113099;196312;83213
MA;11201;São José de Ribamar;161937;244579;82642
SC;8203;Itajaí;183373;264054;80681
SP;5708;Barueri;240749;316473;75724
TO;21000;Palmas;228332;302692;74360
SP;13009;Cotia;201150;274413;73263
SP;25904;Jundiaí;370126;443221;73095
SP;47809;Santo André;676407;748919;72512
SP;49805;São José do Rio Preto;408258;480393;72135
GO;1405;Aparecida de Goiânia;455735;527796;72061
SC;4202;Chapecó;183548;254785;71237
GO;20454;Senador Canedo;84433;155635;71202
RJ;2700;Maricá;127397;197277;69880
SP;18800;Guarulhos;1221979;1291771;69792
GO;21858;Valparaíso de Goiás;131105;198861;67756
PR;7652;Fazenda Rio Grande;81675;148873;67198
SP;49904;São José dos Campos;629921;697054;67133
GO;258;Águas Lindas de Goiás;159386;225693;66307
PR;25506;São José dos Pinhais;264210;329628;65418
BA;33307;Vitória da Conquista;306014;370879;64865
GO;1108;Anápolis;334623;398869;64246
SP;30607;Mogi das Cruzes;387779;451505;63726
PE;4106;Caruaru;314912;378048;63136
SP;34401;Osasco;666740;728615;61875
PR;4808;Cascavel;286177;348051;61874
SC;16602;São José;209804;270299;60495
BA;10800;Feira de Santana;556588;616272;59684
SP;38709;Piracicaba;364571;423323;58752
BA;5701;Camaçari;242970;300372;57402
SP;9502;Campinas;1081862;1139047;57185
PR;15200;Maringá;355432;409657;54225
SP;20509;Indaiatuba;201619;255748;54129
ES;5200;Vila Velha;414586;467722;53136
SC;2404;Blumenau;308943;361261;52318
PA;6807;Santarém;279805;331942;52137
MG;43302;Montes Claros;362148;414240;52092
PI;11001;Teresina;814230;866300;52070
RJ;4524;Rio das Ostras;105680;156491;50811
PA;2152;Canaã dos Carajás;26716;77079;50363
RN;3251;Parnamirim;202456;252716;50260
PR;13700;Londrina;506447;555965;49518
MT;7602;Rondonópolis;195586;244911;49325
GO;18805;Rio Verde;176424;225696;49272
MS;3702;Dourados;195495;243367;47872
BA;19553;Luís Eduardo Magalhães;60105;107909;47804
MT;8402;Várzea Grande;252361;300078;47717
SP;23107;Itaquaquecetuba;321770;369275;47505
PR;19905;Ponta Grossa;311601;358371;46770
SP;47304;Santana de Parnaíba;108813;154105;45292
SP;48708;São Bernardo do Campo;765463;810729;45266
SP;52502;Suzano;262480;307429;44949
AP;303;Macapá;398204;442933;44729
MT;7925;Sorriso;66354;110635;44281
SP;19071;Hortolândia;192692;236641;43949
MG;70107;Uberaba;295988;337836;41848
BA;25303;Porto Seguro;126581;168326;41745
PE;10707;Paulista;300466;342167;41701
SC;3204;Camboriú;62361;103074;40713
SP;52403;Sumaré;239562;279545;39983
MA;7506;Paço do Lumiar;105695;145643;39948
BA;19207;Lauro de Freitas;163449;203331;39882
RJ;2403;Macaé;206753;246391;39638
BA;18407;Juazeiro;198241;237821;39580
SC;8906;Jaraguá do Sul;143132;182660;39528
MT;5259;Lucas do Rio Verde;45571;83798;38227
GO;21403;Trindade;104496;142431;37935
GO;8806;Goianira;34058;71916;37858
RN;3608;Extremoz;24569;61635;37066
CE;3709;Caucaia;319637;355679;36042
CE;7304;Juazeiro do Norte;250095;286120;36025
RJ;704;Cabo Frio;186264;222161;35897
SC;2909;Brusque;105503;141385;35882
GO;5497;Cidade Ocidental;55915;91767;35852
SP;6003;Bauru;343937;379146;35209
PB;4009;Campina Grande;384737;419379;34642
GO;12501;Luziânia;174530;209129;34599
SP;10500;Caraguatatuba;100840;134873;34033
PR;26256;Sarandi;84492;118455;33963
SP;16200;Franca;318640;352536;33896
SP;3208;Araraquara;208662;242228;33566
MT;7040;Primavera do Leste;52051;85146;33095
MG;54606;Ribeirão das Neves;296736;329794;33058
SP;48906;São Carlos;221950;254857;32907
PA;4208;Marabá;233669;266533;32864
MG;6705;Betim;379138;411846;32708
PR;1804;Araucária;119123;151666;32543
SP;54102;Taubaté;278686;310739;32053
SP;4107;Atibaia;126603;158647;32044
RO;205;Porto Velho;428527;460434;31907
MG;45208;Nova Serrana;73699;105552;31853
SE;308;Aracaju;571149;602757;31608
SP;22505;Itapevi;200769;232297;31528
SE;4805;Nossa Senhora do Socorro;160827;192330;31503
PR;27700;Toledo;119313;150470;31157
SC;2008;Balneário Camboriú;108089;139155;31066
MG;44805;Nova Lima;80998;111697;30699
CE;6256;Itaitinga;34102;64650;30548
MS;8305;Três Lagoas;101786;132152;30366
SC;8302;Itapema;45797;75940;30143
SP;7605;Bragança Paulista;146744;176811;30067
PR;8304;Foz do Iguaçu;256088;285415;29327
SP;24402;Jacareí;211214;240275;29061
SP;52809;Taboão da Serra;244528;273542;29014
SP;45209;Salto;105516;134319;28803
AC;401;Rio Branco;336038;364756;28718
SP;9205;Cajamar;64114;92689;28575
SP;36505;Paulínia;82146;110537;28391
CE;4285;Eusébio;46033;74170;28137
GO;4508;Caldas Novas;70487;98622;28135
RS;5108;Caxias do Sul;435551;463501;27950
RN;12005;São Gonçalo do Amarante;87962;115838;27876
GO;5109;Catalão;86644;114427;27783
PA;602;Altamira;99075;126279;27204
PA;1303;Barcarena;99859;126650;26791
SP;1608;Americana;210638;237240;26602
MG;24104;Esmeraldas;59696;85598;25902
SC;11306;Navegantes;60556;86401;25845
PA;3606;Itaituba;97493;123314;25821
PR;19509;Piraquara;92962;118730;25768
SP;24006;Itupeva;44859;70616;25757
ES;3205;Linhares;141141;166786;25645
MA;5302;Imperatriz;247505;273110;25605
SP;22109;Itanhaém;87057;112476;25419
CE;7650;Maracanaú;209098;234509;25411
AL;4302;Maceió;932642;957916;25274
MG;25101;Extrema;28599;53482;24883
MG;71204;Vespasiano;104516;129246;24730
MG;36702;Juiz de Fora;516247;540756;24509
MT;6224;Nova Mutum;31649;55839;24190
PR;4204;Campo Largo;112213;136327;24114
RS;4606;Canoas;323827;347657;23830
GO;17609;Planaltina;81559;105031;23472
AL;7701;Rio Largo;70685;93927;23242
SC;2107;Barra Velha;22386;45369;22983
MG;37601;Lagoa Santa;52520;75145;22625
MA;11300;São Luís;1015329;1037775;22446
MT;7958;Tangará da Serra;84093;106434;22341
BA;3201;Barreiras;137427;159734;22307
PB;13703;Santa Rita;127676;149910;22234
SC;4608;Criciúma;192305;214493;22188
PR;6902;Curitiba;1751907;1773718;21811
MG;52501;Pouso Alegre;130615;152217;21602
RS;4630;Capão da Canoa;42040;63594;21554
RS;11403;Lajeado;72216;93646;21430
RS;14100;Passo Fundo;184826;206215;21389
AL;300;Arapiraca;213671;234696;21025
SP;29005;Marília;216745;237627;20882
TO;2109;Araguaína;150484;171301;20817
SC;18004;Tijucas;30960;51592;20632
SC;1307;Araquari;24810;45283;20473
AM;1852;Iranduba;40781;61163;20382
SP;23404;Itatiba;101471;121590;20119
MG;48004;Patos de Minas;139206;159235;20029
RO;304;Vilhena;76202;95832;19630
SP;56206;Valinhos;106793;126373;19580
CE;5233;Horizonte;55187;74755;19568
CE;1901;Barbalha;55523;75033;19510
RJ;1009;Campos dos Goytacazes;464066;483540;19474
PR;18501;Pato Branco;72370;91836;19466
ES;2405;Guarapari;105286;124656;19370
SP;57006;Votorantim;108618;127923;19305
PR;5805;Colombo;212994;232212;19218
PA;2400;Castanhal;173149;192256;19107
MA;12209;Timon;155579;174465;18886
MG;18601;Contagem;602986;621863;18877
SC;2305;Biguaçu;58206;76773;18567
SP;2804;Araçatuba;181579;200124;18545
RS;2105;Bento Gonçalves;104659;123151;18492
SP;38006;Pindamonhangaba;146995;165428;18433
PE;2902;Cabo de Santo Agostinho;185025;203440;18415
MT;2637;Campo Novo do Parecis;27573;45899;18326
PE;7208;Ipojuca;80637;98932;18295
MA;1400;Balsas;83528;101767;18239
MG;22306;Divinópolis;213016;231091;18075
SP;41406;Presidente Prudente;207610;225668;18058
MG;4007;Araxá;93672;111691;18019
RS;3103;Cachoeirinha;118278;136258;17980
SP;7506;Botucatu;127328;145155;17827
GO;11909;Jataí;88006;105729;17723
PR;8403;Francisco Beltrão;78943;96666;17723
MG;58953;Santana do Paraíso;27265;44800;17535
RJ;209;Araruama;112228;129671;17443
SP;10609;Carapicuíba;369584;386984;17400
GO;13103;Mineiros;52935;70081;17146
PA;107;Abaetetuba;141100;158188;17088
SP;51702;Sertãozinho;110074;126887;16813
AM;1902;Itacoatiara;86839;103598;16759
PA;404;Alenquer;52626;69377;16751
SE;6701;São Cristóvão;78864;95612;16748
AM;2504;Manacapuru;85141;101883;16742
SC;7502;Indaial;54854;71549;16695
SP;54003;Tatuí;107326;123942;16616
PR;400;Almirante Tamandaré;103217;119825;16608
SP;6359;Bertioga;47645;64188;16543
SE;605;Barra dos Coqueiros;24976;41511;16535
MG;57807;Santa Luzia;202601;219132;16531
SE;2908;Itabaiana;86967;103440;16473
PI;7702;Parnaíba;145705;162159;16454
PR;28104;Umuarama;100670;117095;16425
SP;30706;Mogi Guaçu;137245;153658;16413
SP;48807;São Caetano do Sul;149263;165655;16392
RJ;5208;São Pedro da Aldeia;87820;104029;16209
SC;8450;Itapoá;14763;30750;15987
SP;26902;Limeira;276022;291869;15847
GO;8004;Formosa;100085;115901;15816
GO;6206;Cristalina;46572;62337;15765
SP;31803;Monte Mor;48949;64662;15713
SP;31100;Mongaguá;46293;61951;15658
TO;18204;Porto Nacional;49146;64418;15272
RJ;5505;Saquarema;74293;89559;15266
SP;43907;Rio Claro;186253;201418;15165
MG;18304;Conselheiro Lafaiete;116512;131621;15109
GO;11503;Itumbiara;92876;107970;15094
CE;6405;Itapipoca;116076;131123;15047
SP;24709;Jaguariúna;44311;59347;15036
PR;1507;Arapongas;104150;119138;14988
RS;16808;Santa Cruz do Sul;118374;133230;14856
SP;27306;Louveira;37080;51847;14767
PA;1204;Baião;36882;51641;14759
PR;9401;Guarapuava;167414;182093;14679
SC;5902;Gaspar;57990;72570;14580
ES;4906;São Mateus;109193;123752;14559
AM;4062;Tabatinga;52272;66764;14492
AL;4708;Marechal Deodoro;46018;60370;14352
CE;12908;Sobral;188677;203023;14346
SP;55406;Ubatuba;78801;92981;14180
GO;8608;Goianésia;59549;73707;14158
MS;6606;Ponta Porã;77877;92017;14140
PA;1808;Breves;92860;106968;14108
SP;23909;Itu;154147;168240;14093
PA;4703;Moju;70018;84094;14076
AM;3809;São Gabriel da Cachoeira;37896;51795;13899
PR;22404;Rolândia;57862;71670;13808
MT;7065;Querência;13033;26769;13736
SP;25201;Jarinu;23847;37535;13688
PA;6500;Santa Izabel do Pará;59466;73019;13553
SP;22307;Itapetininga;144377;157790;13413
MG;70701;Varginha;123081;136467;13386
AC;203;Cruzeiro do Sul;78507;91888;13381
PA;2103;Cametá;120896;134184;13288
AM;1704;Humaitá;44227;57473;13246
SP;16408;Franco da Rocha;131604;144849;13245
MT;2678;Campo Verde;31348;44585;13237
MG;67202;Sete Lagoas;214221;227397;13176
PE;6804;Igarassu;102021;115196;13175
PE;6002;Garanhuns;129408;142506;13098
RN;7104;Macaíba;69173;82249;13076
SC;4301;Concórdia;68625;81646;13021
PE;13909;Serra Talhada;79232;92228;12996
ES;607;Aracruz;81832;94765;12933
MG;47105;Pará de Minas;84215;97139;12924
SP;28502;Mairiporã;80956;93853;12897
MT;1803;Barra do Garças;56315;69210;12895
SP;56701;Vinhedo;63656;76540;12884
SC;18707;Tubarão;97249;110088;12839
RS;21600;Tramandaí;41585;54387;12802
SP;7001;Boituva;48314;61081;12767
SP;4602;Bady Bassitt;14603;27260;12657
MG;38203;Lavras;92200;104761;12561
PR;15804;Medianeira;41817;54369;12552
BA;10727;Eunápolis;101255;113710;12455
RJ;233;Armação dos Búzios;27560;40006;12446
CE;13401;Tianguá;69083;81506;12423
SC;7304;Imbituba;40170;52579;12409
PA;8407;Xinguara;40573;52893;12320
MG;29806;Ibirité;158224;170537;12313
MG;39409;Manhuaçu;79574;91886;12312
PR;4303;Campo Mourão;87177;99432;12255
GO;50;Abadia de Goiás;6891;19128;12237
AM;4203;Tefé;61453;73669;12216
MG;33808;Itaúna;85463;97669;12206
MS;2951;Chapadão do Sul;18815;30993;12178
SP;3307;Araras;118843;130866;12023
BA;28703;Santo Antônio de Jesus;91057;103055;11998
SP;57105;Votuporanga;84692;96634;11942
PA;1501;Benevides;51651;63567;11916
AL;8907;Satuba;12443;24278;11835
SC;5704;Garopaba;18138;29959;11821
SP;3901;Arujá;74905;86678;11773
PR;14104;Mandaguaçu;19781;31457;11676
MA;4800;Grajaú;62234;73872;11638
SC;13500;Porto Belo;16083;27688;11605
SC;6504;Guaramirim;35172;46711;11539
SP;8504;Caçapava;84752;96202;11450
MG;51800;Poços de Caldas;152435;163742;11307
PA;859;Anapu;20543;31850;11307
SC;14805;Rio do Sul;61297;72587;11290
PA;4901;Muaná;34204;45368;11164
PA;8001;Tomé-Açu;56518;67585;11067
SC;7007;Içara;47982;59035;11053
MG;65537;Sarzedo;25814;36844;11030
MG;30101;Igarapé;34851;45847;10996
RN;2600;Ceará-Mirim;68141;79115;10974
SP;15707;Ferraz de Vasconcelos;168306;179198;10892
MT;7875;Sapezal;18089;28944;10855
SP;33403;Nova Odessa;51242;62019;10777
SC;2453;Bombinhas;14293;25058;10765
RJ;1306;Casimiro de Abreu;35347;46110;10763
CE;12403;São Gonçalo do Amarante;43393;54143;10750
RS;16907;Santa Maria;261032;271735;10703
PE;12505;Santa Cruz do Capibaribe;87582;98254;10672
SP;16309;Francisco Morato;154472;165139;10667
SC;1406;Araranguá;61292;71922;10630
MT;6752;Pontes e Lacerda;41408;52018;10610
MA;1707;Barreirinhas;55029;65589;10560
SP;15004;Embu das Artes;240230;250691;10461
PR;18402;Paranavaí;81590;92001;10411
SP;5500;Barretos;112101;122485;10384
GO;9705;Hidrolândia;17398;27742;10344
PA;5809;Portel;52172;62503;10331
SP;6508;Birigui;108728;118979;10251
PR;3701;Cambé;96987;107208;10221
SP;54805;Tremembé;40984;51173;10189
SC;16206;São Francisco do Sul;42520;52674;10154
SC;12809;Balneário Piçarras;17078;27127;10049
PA;6138;Redenção;75556;85597;10041
PE;6408;Gravatá;76476;86516;10040
PR;17503;Paiçandu;35936;45962;10026
MG;40704;Mateus Leme;27856;37841;9985
PR;9609;Guaratuba;32095;42062;9967
MT;3353;Confresa;25124;35075;9951
CE;9706;Pacatuba;71581;81524;9943
PA;3754;Jacareacanga;14103;24042;9939
PR;14807;Marialva;31959;41851;9892
GO;13806;Morrinhos;41465;51351;9886
SP;4503;Avaré;82934;92805;9871
PA;1709;Bragança;113227;123082;9855
RJ;4201;Resende;119769;129612;9843
GO;3302;Bela Vista de Goiás;24613;34445;9832
PR;15705;Matinhos;29428;39259;9831
CE;4202;Crato;121260;131050;9790
PR;19152;Pinhais;117253;127019;9766
RS;4408;Canela;39227;48946;9719
SP;25003;Jandira;108344;118045;9701
RS;7005;Erechim;96085;105705;9620
BA;702;Alagoinhas;141463;151055;9592
PR;5508;Cianorte;69958;79527;9569
SP;30300;Mirassol;53792;63337;9545
PA;7805;Senador José Porfírio;13045;22576;9531
PR;19954;Pontal do Paraná;20920;30425;9505
PE;1201;Arcoverde;68253;77742;9489
MT;250;Alta Floresta;49142;58613;9471
AM;300;Autazes;32135;41564;9429
BA;11709;Guanambi;78452;87817;9365
GO;10406;Itaberaí;35374;44734;9360
RS;9209;Gravataí;255723;265074;9351
SC;18202;Timbó;36774;46099;9325
MG;47006;Paracatu;84718;94023;9305
PR;1408;Apucarana;120919;130134;9215
RS;10330;Imbé;17670;26824;9154
CE;9607;Pacajus;61838;70983;9145
MG;62104;São Gotardo;31819;40910;9091
ES;2801;Itapemirim;30768;39832;9064
MG;70404;Unaí;77557;86619;9062
PR;4006;Campina Grande do Sul;38769;47825;9056
PA;1725;Brasil Novo;15690;24718;9028
CE;11405;Quixeramobim;73160;82177;9017
PR;14609;Marechal Cândido Rondon;46819;55836;9017
AM;2900;Maués;52236;61204;8968
SP;49102;São João da Boa Vista;83639;92547;8908
GO;19753;Santo Antônio do Descoberto;63233;72127;8894
SC;5456;Forquilhinha;22548;31431;8883
RR;456;Pacaraima;10433;19305;8872
MG;62922;São Joaquim de Bicas;25537;34348;8811
GO;15231;Novo Gama;94996;103804;8808
AM;680;Boa Vista do Ramos;14979;23785;8806
MA;12456;Turilândia;22846;31638;8792
RS;11809;Marau;36364;45124;8760
PA;4752;Mojuí dos Campos;14775;23501;8726
SE;4508;Nossa Senhora da Glória;32497;41212;8715
PR;7207;Dois Vizinhos;36179;44869;8690
SP;56503;Várzea Paulista;107089;115771;8682
PI;8007;Picos;74435;83090;8655
PI;400;Altos;38822;47453;8631
CE;7254;Jijoca de Jericoacoara;16958;25555;8597
SP;37602;Peruíbe;59773;68352;8579
PB;3209;Cabedelo;57944;66519;8575
MG;36652;Juatuba;22170;30716;8546
MS;3256;Costa Rica;17507;26037;8530
SC;12502;Penha;25141;33663;8522
GO;15702;Palmeiras de Goiás;23339;31858;8519
PA;5031;Novo Progresso;25124;33638;8514
SP;9007;Caieiras;86529;95032;8503
ES;1506;Colatina;111537;120033;8496
SC;15802;São Bento do Sul;74796;83277;8481
ES;5101;Viana;65001;73423;8422
BA;14604;Irecê;66117;74507;8390
RS;17202;Santa Rosa;68587;76963;8376
TO;9500;Gurupi;76755;85125;8370
RR;472;Rorainópolis;24279;32647;8368
MT;201;Água Boa;20856;29219;8363
PE;13701;São Lourenço da Mata;102889;111249;8360
RO;49;Cacoal;78574;86887;8313
SC;9300;Lages;156727;164981;8254
SC;19309;Videira;47228;55466;8238
SP;21002;Iperó;28300;36459;8159
RN;8201;Nísia Floresta;23784;31942;8158
CE;200;Acaraú;57190;65264;8074
MA;3208;Chapadinha;73350;81386;8036
PA;1105;Bagre;23864;31892;8028
SC;17204;São Miguel do Oeste;36306;44330;8024
MG;3504;Araguari;109801;117808;8007
CE;1000;Aquiraz;72652;80645;7993
TO;16109;Paraíso do Tocantins;44417;52360;7943
MG;31901;Itabirito;45452;53365;7913
RJ;3401;Nova Friburgo;182057;189939;7882
AC;609;Tarauacá;35590;43467;7877
RS;9100;Gramado;32290;40134;7844
ES;3320;Marataízes;34140;41929;7789
AM;2405;Lábrea;37701;45448;7747
PA;5502;Paragominas;97819;105550;7731
RO;122;Ji-Paraná;116610;124333;7723
GO;14507;Nerópolis;24213;31932;7719
RJ;3807;Paraty;37533;45243;7710
SP;50704;São Sebastião;73942;81595;7653
SP;25102;Jardinópolis;37661;45282;7621
SP;40606;Porto Feliz;48893;56497;7604
GO;5513;Cocalzinho de Goiás;17414;25016;7602
BA;25501;Prado;27413;35003;7590
RN;12203;São José de Mipibu;39698;47286;7588
BA;18001;Jequié;151301;158813;7512
SC;19507;Xanxerê;44128;51607;7479
MS;5400;Maracaju;37594;45047;7453
SC;15703;Santo Amaro da Imperatriz;19823;27272;7449
ES;4559;Santa Maria de Jetibá;34197;41636;7439
SC;2073;Balneário Gaivota;8234;15669;7435
SP;56453;Vargem Grande Paulista;42997;50415;7418
MS;7695;São Gabriel do Oeste;22162;29579;7417
MG;48103;Patrocínio;82471;89826;7355
PA;6203;Salinópolis;37421;44772;7351
GO;15603;Padre Bernardo;27661;34967;7306
SP;3802;Artur Nogueira;44177;51456;7279
AM;2306;Jutaí;17992;25172;7180
PR;11258;Itaperuçu;24044;31217;7173
MG;40001;Mariana;54219;61387;7168
PA;2939;Dom Eliseu;51319;58484;7165
SP;13801;Diadema;386089;393237;7148
BA;7202;Casa Nova;64940;72086;7146
RJ;5554;Seropédica;73463;80596;7133
MT;2702;Canarana;18754;25858;7104
RS;21501;Torres;34656;41751;7095
MT;6307;Paranatinga;19339;26423;7084
PE;1706;Belo Jardim;72432;79507;7075
CE;13500;Trairi;51422;58415;6993
AP;501;Oiapoque;20509;27482;6973
PA;2905;Curuçá;34294;41262;6968
PR;22206;Rio Branco do Sul;30617;37558;6941
MS;7208;Rio Brilhante;30663;37601;6938
AM;2702;Manicoré;47017;53914;6897
BA;31350;Teixeira de Freitas;138341;145216;6875
SP;19600;Ibitinga;53158;60033;6875
CE;3501;Cascavel;65897;72720;6823
MG;64704;São Sebastião do Paraíso;64980;71796;6816
SP;28403;Mairinque;43223;50027;6804
PA;800;Ananindeua;471980;478778;6798
CE;4251;Cruz;22983;29761;6778
PA;2202;Capanema;63639;70394;6755
PA;3309;Igarapé-Miri;58077;64831;6754
SP;20400;Ilhabela;28196;34934;6738
SE;3500;Lagarto;94861;101579;6718
CE;10209;Paracuru;32310;38980;6670
MG;20904;Curvelo;74004;80665;6661
PE;1102;Araripina;78429;85088;6659
PA;5908;Porto de Moz;33956;40597;6641
RS;7906;Farroupilha;63675;70286;6611
PI;10607;São Raimundo Nonato;32327;38934;6607
MT;5150;Juína;39267;45869;6602
SP;50407;São Pedro;31662;38256;6594
MG;36207;João Monlevade;73610;80187;6577
PE;7505;Itaíba;26122;32650;6528
BA;29305;São Gonçalo dos Campos;32990;39513;6523
SC;13203;Pomerode;27778;34289;6511
SP;15509;Fernandópolis;64696;71186;6490
RS;13508;Osório;40907;47396;6489
SC;2057;Balneário Barra do Sul;8430;14912;6482
RO;23;Ariquemes;90353;96833;6480
RJ;1900;Itaboraí;217790;224267;6477
MA;8603;Pinheiro;78162;84621;6459
PA;4059;Mãe do Rio;27904;34353;6449
BA;8408;Conceição do Coité;61378;67825;6447
SC;16305;São João Batista;26260;32687;6427
SP;26704;Leme;91756;98161;6405
AP;600;Santana;101262;107618;6356
PR;17909;Palotina;28683;35011;6328
RS;13375;Nova Santa Rita;22716;29024;6308
PB;12507;Queimadas;41361;47658;6297
MG;62955;São José da Lapa;19799;26090;6291
SC;12254;Passo de Torres;6627;12897;6270
SP;4008;Assis;95144;101409;6265
SC;1950;Balneário Arroio do Silva;9586;15820;6234
PA;6005;Prainha;29349;35577;6228
SC;19705;Xaxim;25713;31918;6205
PB;4603;Conde;21400;27605;6205
PA;6187;Rondon do Pará;46964;53143;6179
PI;1903;Bom Jesus;22629;28796;6167
SC;10506;Maravilha;22116;28251;6135
SC;6306;Guabiruba;18430;24543;6113
MG;7406;Bom Despacho;45624;51737;6113
AM;4401;Urucurituba;17837;23945;6108
ES;409;Anchieta;23902;29984;6082
PE;16407;Vitória de Santo Antão;128017;134084;6067
SP;30805;Mogi Mirim;86505;92558;6053
BA;4605;Brumado;64493;70510;6017
PR;4907;Castro;67084;73075;5991
BA;22656;Nordestina;12541;18523;5982
SP;18404;Guaratinguetá;112072;118044;5972
MT;1407;Aripuanã;18656;24626;5970
CE;1109;Aracati;69177;75113;5936
MT;5606;Matupá;14174;20091;5917
SP;22208;Itapecerica da Serra;152614;158522;5908
CE;2503;Brejo Santo;45189;51090;5901
PE;9154;Manari;17887;23763;5876
GO;5471;Chapadão do Céu;7001;12870;5869
RS;10207;Ijuí;78915;84780;5865
PA;8084;Tucumã;33690;39550;5860
PE;6200;Goiana;75231;81055;5824
RO;288;Rolim de Moura;50648;56406;5758
MG;62500;São João del Rei;84469;90225;5756
PE;12208;Salgueiro;56629;62372;5743
SP;42602;Registro;54261;59947;5686
MA;10500;São Bento;40736;46395;5659
MG;47907;Passos;106290;111939;5649
SC;12908;Pinhalzinho;16346;21972;5626
MT;7008;Poxoréu;17659;23283;5624
GO;21601;Uruaçu;36937;42546;5609
PE;14501;Surubim;58515;64120;5605
PE;7000;Inajá;20007;25603;5596
PE;15409;Toritama;35554;41137;5583
GO;9200;Guapó;13976;19545;5569
SP;46603;Santa Fé do Sul;29239;34794;5555
RN;14209;Tibau do Sul;11385;16929;5544
RS;21451;Teutônia;27272;32797;5525
CE;6553;Itarema;37453;42957;5504
PA;5304;Oriximiná;62794;68294;5500
MS;4700;Ivinhema;22341;27821;5480
PI;5508;José de Freitas;37085;42559;5474
RS;13904;Panambi;38044;43515;5471
PA;206;Acará;53569;59023;5454
MG;37205;Lagoa da Prata;45984;51412;5428
SP;8405;Cabreúva;41604;47011;5407
SP;18305;Guararema;25844;31236;5392
CE;13302;Tauá;55849;61227;5378
RR;704;Uiramutã;8375;13751;5376
MS;6002;Nova Alvorada do Sul;16450;21822;5372
MS;1003;Aparecida do Taboado;22307;27674;5367
PR;18204;Paranaguá;140469;145829;5360
PR;17602;Palmas;42888;48247;5359
PA;2806;Curralinho;28549;33903;5354
RS;7609;Estância Velha;42574;47924;5350
BA;30501;Serrinha;75095;80435;5340
MG;17306;Conceição das Alagoas;23043;28381;5338
SP;10302;Capela do Alto;17532;22866;5334
PR;4253;Campo Magro;24843;30160;5317
RS;20909;Tapejara;19250;24557;5307
PE;10608;Paudalho;51361;56665;5304
MG;17504;Conceição do Mato Dentro;17905;23163;5258
RS;4804;Carlos Barbosa;25162;30420;5258
PA;5205;Oeiras do Pará;28595;33844;5249
AM;631;Beruri;15486;20718;5232
GO;18508;Quirinópolis;43221;48447;5226
PR;14302;Mandirituba;22220;27439;5219
RS;6767;Eldorado do Sul;34343;39559;5216
MG;1607;Alfenas;73774;78970;5196
BA;8507;Conceição do Jacuípe;30112;35308;5196
RJ;2205;Itaperuna;95867;101041;5174
PR;27106;Telêmaco Borba;69872;75042;5170
PE;104;Afogados da Ingazeira;35088;40241;5153
MG;12307;Capelinha;34477;39626;5149
SP;2903;Araçoiaba da Serra;27299;32443;5144
BA;6873;Capim Grosso;28093;33235;5142
SC;20000;Balneário Rincão;10851;15981;5130
SC;14003;Presidente Getúlio;14883;20010;5127
MG;27107;Frutal;53468;58588;5120
PA;5437;Ourilândia do Norte;27359;32467;5108
TO;11902;Lagoa da Confusão;10210;15288;5078
SP;11508;Cerquilho;39617;44695;5078
SP;26803;Lençóis Paulista;61428;66505;5077
RJ;1876;Iguaba Grande;22848;27920;5072
CE;10852;Pindoretama;18334;23391;5057
PI;11209;Uruçuí;20149;25203;5054
SP;33908;Olímpia;50024;55074;5050
MG;34202;Ituiutaba;97171;102217;5046
RR;407;Normandia;8940;13986;5046
BA;10057;Dias d'Ávila;66440;71485;5045
SP;51504;Serrana;38878;43909;5031
MG;10509;Camanducaia;21080;26097;5017
MS;7901;Sidrolândia;42114;47118;5004
BA;33208;Vera Cruz;37567;42529;4962
MG;9006;Brumadinho;33973;38915;4942
RS;12401;Montenegro;59415;64322;4907
AP;402;Mazagão;17032;21924;4892
PB;3704;Cajazeiras;58365;63239;4874
BA;28901;São Desidério;27976;32828;4852
MS;2407;Caarapó;25770;30612;4842
BA;20700;Maraú;19689;24527;4838
BA;17508;Jacobina;77758;82590;4832
MG;4205;Arcos;36597;41416;4819
AM;706;Boca do Acre;30632;35447;4815
PR;24400;Santo Antônio do Sudoeste;18893;23673;4780
RR;175;Cantá;13902;18682;4780
RN;8003;Mossoró;259815;264577;4762
CE;14102;Viçosa do Ceará;54955;59712;4757
SC;2800;Braço do Norte;29019;33773;4754
ES;1308;Cariacica;348738;353491;4753
SC;17402;Schroeder;15316;20061;4745
BA;19702;Macarani;16880;21599;4719
BA;10701;Euclides da Cunha;56739;61456;4717
SC;7106;Ilhota;12355;17046;4691
MT;6257;Nova Xavantina;19657;24345;4688
RR;50;Alto Alegre;16448;21096;4648
SP;11300;Cedral;7972;12618;4646
PA;2301;Capitão Poço;51893;56506;4613
RJ;2601;Mangaratiba;36610;41220;4610
AC;104;Brasiléia;21398;26000;4602
RR;27;Amajari;9327;13927;4600
MS;609;Amambai;34730;39325;4595
BA;24009;Paulo Afonso;108308;112870;4562
PA;4802;Monte Alegre;55462;60012;4550
BA;28802;Santo Estêvão;47726;52276;4550
PA;4000;Limoeiro do Ajuru;25021;29569;4548
MG;46107;Ouro Preto;70281;74821;4540
PR;7900;Floresta;5931;10458;4527
MA;9452;Raposa;26369;30839;4470
SP;2101;Andradina;55334;59783;4449
AC;138;Bujari;8471;12917;4446
SP;2754;Araçariguama;17080;21522;4442
PE;4007;Carpina;74858;79293;4435
GO;10208;Iporá;31278;35684;4406
RS;5454;Cidreira;12668;17071;4403
MG;57708;Santa Juliana;11337;15734;4397
SP;20426;Ilha Comprida;9025;13419;4394
MG;16605;Cláudio;25771;30159;4388
SP;19709;Ibiúna;71217;75605;4388
CE;7601;Limoeiro do Norte;55180;59560;4380
MG;18007;Congonhas;48519;52890;4371
PR;26603;Siqueira Campos;18454;22811;4357
PI;3909;Floriano;57690;62036;4346
PR;20804;Quatro Barras;19851;24191;4340
BA;29909;Seabra;41821;46160;4339
PR;3453;Cafelândia;14662;18997;4335
BA;6006;Campo Formoso;67059;71377;4318
SC;8500;Ituporanga;22226;26525;4299
RS;13201;Nova Petrópolis;19040;23300;4260
RN;4200;Goianinha;22481;26741;4260
ES;3056;Jaguaré;24678;28931;4253
AM;607;Benjamin Constant;33411;37648;4237
MG;71303;Viçosa;72220;76430;4210
SP;15103;Embu-Guaçu;62769;66970;4201
ES;4203;Piúma;18110;22300;4190
MG;51503;Piumhi;31883;36062;4179
RJ;5000;São João da Barra;32412;36573;4161
MA;1202;Bacabal;99557;103711;4154
PR;4659;Carambeí;19163;23283;4120
SC;3600;Campos Novos;32819;36932;4113
RS;1636;Balneário Pinhal;10856;14955;4099
SP;7803;Brodowski;21107;25201;4094
AC;336;Mâncio Lima;15206;19294;4088
PA;909;Augusto Corrêa;40497;44573;4076
PR;14203;Mandaguari;32658;36716;4058
MG;35050;Jaíba;33602;37660;4058
MS;2209;Bonito;19605;23659;4054
PE;54;Abreu e Lima;94425;98462;4037
MS;5707;Naviraí;46424;50457;4033
RS;23804;Xangri-lá;12434;16463;4029
MG;33600;Itapeva;8664;12692;4028
BA;29206;São Francisco do Conde;34707;38733;4026
CE;2206;Beberibe;49095;53114;4019
AC;344;Manoel Urbano;7981;11996;4015
SE;7105;Simão Dias;38581;42578;3997
MT;8006;Tapurah;10377;14370;3993
SE;3203;Itaporanga d'Ajuda;30419;34411;3992
PE;7752;Itapissuma;23769;27749;3980
MA;10203;Santa Rita;33078;37035;3957
GO;10000;Inhumas;48257;52204;3947
PA;6302;Salvaterra;20183;24129;3946
PA;6351;Santa Bárbara do Pará;17141;21087;3946
SP;11409;Cerqueira César;17532;21469;3937
SC;6009;Governador Celso Ramos;12999;16915;3916
MG;35100;Janaúba;66803;70699;3896
MG;70529;Urucuia;13604;17479;3875
SP;25706;José Bonifácio;32763;36633;3870
MA;2705;Cantanhede;20448;24303;3855
BA;2807;Barra da Estiva;22173;26026;3853
SP;15152;Engenheiro Coelho;15721;19566;3845
PE;5103;Custódia;33855;37699;3844
SP;17505;Guapiaçu;17869;21711;3842
MG;49309;Pedro Leopoldo;58740;62580;3840
MG;34400;Iturama;34456;38295;3839
MS;203;Água Clara;12902;16741;3839
GO;20108;São Luís de Montes Belos;30033;33852;3819
PA;3903;Juruti;47086;50881;3795
SP;19055;Holambra;11299;15094;3795
RS;8508;Frederico Westphalen;28843;32627;3784
SC;5803;Garuva;14761;18545;3784
GO;20009;São João d'Aliança;10257;14041;3784
RJ;4110;Porto Real;16592;20373;3781
BA;6808;Cansanção;33668;37439;3771
PR;2000;Assis Chateaubriand;33037;36808;3771
SC;1208;Antônio Carlos;7458;11224;3766
RS;8201;Flores da Cunha;27139;30892;3753
SC;6652;Guatambú;4679;8425;3746
SP;1301;Álvares Machado;23513;27255;3742
PE;16209;Vertentes;18222;21959;3737
BA;14901;Itacaré;23971;27704;3733
AM;3700;Santo Antônio do Içá;24481;28211;3730
RJ;4755;São Francisco de Itabapoana;41354;45059;3705
PI;8403;Piripiri;61834;65538;3704
AM;508;Barreirinha;27355;31051;3696
BA;12202;Ibicoara;17099;20785;3686
GO;17302;Pirenópolis;23008;26690;3682
PB;601;Alhandra;18055;21730;3675
MT;2686;Campos de Júlio;5154;8822;3668
RS;877;Araricá;4864;8525;3661
MG;41108;Matozinhos;33958;37618;3660
AC;252;Epitaciolândia;15100;18757;3657
RS;8607;Garibaldi;30679;34335;3656
MA;6631;Matões do Norte;13794;17432;3638
SP;45308;Salto de Pirapora;40132;43748;3616
GO;17401;Pires do Rio;28761;32373;3612
PE;5509;Ferreiros;11418;15026;3608
SP;5609;Barrinha;28496;32092;3596
CE;4103;Crateús;72817;76390;3573
PA;2764;Cumaru do Norte;10466;14036;3570
ES;1902;Domingos Martins;31847;35416;3569
MG;31703;Itabira;109783;113343;3560
CE;11306;Quixadá;80608;84168;3560
MA;12407;Turiaçu;33933;37491;3558
SP;9601;Campo Limpo Paulista;74074;77632;3558
PA;4422;Marituba;108246;111785;3539
PA;2004;Cachoeira do Arari;20443;23981;3538
GO;1801;Aragoiânia;8365;11890;3525
SP;11607;Cesário Lange;15540;19048;3508
SP;51603;Serra Negra;26387;29894;3507
CE;5001;Guaraciaba do Norte;38548;42053;3505
AM;3536;Presidente Figueiredo;27175;30668;3493
RJ;258;Arraial do Cabo;27496;30986;3490
SP;22604;Itapira;68537;72022;3485
MA;9809;Santa Helena;38078;41561;3483
GO;18300;Posse;31432;34914;3482
BA;8903;Coração de Maria;23213;26692;3479
PE;2605;Brejo da Madre de Deus;45180;48648;3468
MG;14204;Carmo do Cajuru;20012;23479;3467
PI;11100;União;42654;46119;3465
SP;39301;Pirassununga;70081;73545;3464
MG;45901;Ouro Branco;35268;38724;3456
PR;6605;Cruzeiro do Oeste;20384;23831;3447
SP;52106;Socorro;36686;40122;3436
SP;12407;Cordeirópolis;21080;24514;3434
MA;12605;Urbano Santos;29386;32812;3426
AL;4500;Maragogi;28749;32174;3425
GO;605;Alto Paraíso de Goiás;6885;10306;3421
PR;24053;Santa Terezinha de Itaipu;20841;24262;3421
BA;11105;Formosa do Rio Preto;22490;25899;3409
PR;9807;Ibiporã;48198;51603;3405
TO;5508;Colinas do Tocantins;30838;34233;3395
BA;14703;Itaberaba;61681;65073;3392
ES;5069;Venda Nova do Imigrante;20447;23831;3384
ES;3346;Marechal Floriano;14262;17641;3379
SC;17709;Sombrio;26613;29991;3378
GO;9952;Indiara;13690;17061;3371
BA;27705;Santa Cruz Cabrália;25827;29185;3358
MG;49705;Perdigão;8912;12268;3356
PR;25704;São Miguel do Iguaçu;25769;29122;3353
SP;27108;Lins;71432;74779;3347
MG;43906;Muriaé;100765;104108;3343
MG;23700;Engenheiro Caldas;10280;13622;3342
GO;11800;Jaraguá;41883;45223;3340
SP;45803;Santa Bárbara d'Oeste;180009;183347;3338
SP;36703;Pederneiras;41497;44827;3330
BA;25758;Presidente Tancredo Neves;24409;27734;3325
RS;18705;São Leopoldo;214087;217409;3322
RS;1057;Arroio do Sal;7740;11057;3317
AC;500;Sena Madureira;38029;41343;3314
PE;3454;Camaragibe;144466;147771;3305
RR;308;Mucajaí;14792;18095;3303
MG;2605;Andradas;37270;40553;3283
MG;34608;Jaboticatubas;17134;20406;3272
RN;208;Açu;53227;56496;3269
PA;701;Anajás;24759;28011;3252
PR;6209;Contenda;15891;19128;3237
GO;3500;Bom Jesus de Goiás;20727;23958;3231
RS;17608;Santo Antônio da Patrulha;39722;42947;3225
PI;3701;Esperantina;37767;40970;3203
RS;14803;Portão;30868;34071;3203
RJ;3856;Paty do Alferes;26416;29619;3203
PR;4709;Carlópolis;13706;16905;3199
GO;308;Alexânia;23814;27008;3194
PR;28708;Vitorino;6513;9706;3193
MS;1904;Bataguassu;19839;23031;3192
PR;28005;Ubiratã;21558;24749;3191
PE;15607;Trindade;27142;30321;3179
RS;1008;Arroio do Meio;18783;21958;3175
AM;904;Canutama;13695;16869;3174
GO;9101;Goiatuba;32493;35664;3171
SP;37305;Penápolis;58510;61679;3169
BA;30774;Sobradinho;22310;25475;3165
SP;709;Agudos;34524;37680;3156
RJ;2007;Itaguaí;113691;116841;3150
ES;4302;Presidente Kennedy;10547;13696;3149
MG;63706;São Lourenço;41657;44798;3141
RS;6403;Dois Irmãos;27572;30709;3137
ES;5309;Vitória;319738;322869;3131
SC;9003;Joaçaba;27020;30146;3126
MG;26109;Formiga;65128;68248;3120
AM;4005;Silves;8444;11559;3115
RS;10801;Ivoti;19874;22983;3109
BA;5206;Caetité;48913;52012;3099
PI;1200;Barras;44850;47938;3088
SC;8807;Jaguaruna;17290;20375;3085
PR;27601;Tijucas do Sul;14537;17621;3084
PI;3305;Demerval Lobão;13278;16352;3074
PA;4505;Melgaço;24808;27881;3073
SC;16909;São Lourenço do Oeste;21725;24791;3066
SP;56107;Valentim Gentil;11036;14098;3062
AM;1605;Fonte Boa;22817;25871;3054
MG;10608;Cambuí;26488;29536;3048
SP;40804;Potirendaba;15449;18496;3047
PR;10706;Irati;56207;59250;3043
CE;5357;Icapuí;18392;21433;3041
MG;33709;Itatiaiuçu;9928;12966;3038
SP;39400;Piratininga;12072;15108;3036
GO;20603;Silvânia;19210;22245;3035
ES;3908;Nova Venécia;46031;49065;3034
PE;1904;Bezerros;58668;61694;3026
AC;302;Feijó;32412;35426;3014
ES;2454;Ibatiba;22366;25380;3014
MG;64605;São Sebastião do Oeste;5805;8815;3010
BA;28000;Santaluz;34833;37834;3001
MG;56700;Sabará;126384;129380;2996
MS;6200;Nova Andradina;45578;48563;2985
CE;754;Amontada;39172;42156;2984
RR;159;Bonfim;10943;13923;2980
SP;11102;Catanduva;112820;115791;2971
AM;1001;Carauari;25774;28742;2968
MT;7859;São Félix do Araguaia;10655;13621;2966
SC;3006;Caçador;70762;73720;2958
PE;8800;Lajedo;36628;39582;2954
PA;8209;Vigia;47889;50832;2943
CE;8401;Missão Velha;33898;36822;2924
BA;20502;Maracás;24701;27620;2919
AL;2405;Delmiro Gouveia;48399;51318;2919
PR;21406;Realeza;16338;19247;2909
AM;1951;Itamarati;8038;10937;2899
RO;338;Nova Mamoré;22546;25444;2898
PR;11902;Jaguapitã;12225;15122;2897
PA;5106;Óbidos;49333;52229;2896
RJ;6305;Volta Redonda;258669;261563;2894
RN;4507;Guamaré;12404;15295;2891
MG;43401;Monte Sião;21203;24089;2886
MG;59605;Santa Rita do Sapucaí;37754;40635;2881
SP;12209;Conchal;25229;28101;2872
AC;351;Marechal Thaumaturgo;14227;17093;2866
SE;7402;Tobias Barreto;48040;50905;2865
GO;8400;Goianápolis;11104;13967;2863
RS;13300;Nova Prata;22830;25692;2862
RS;22509;Vacaria;61342;64197;2855
PE;14857;Tamandaré;20715;23561;2846
PR;24020;Santa Tereza do Oeste;10332;13174;2842
MG;36306;João Pinheiro;43962;46801;2839
MG;59803;Santa Vitória;18138;20973;2835
MT;607;Alto Taquari;8072;10904;2832
BA;30154;Serra do Ramalho;31391;34222;2831
CE;5506;Iguatu;95243;98064;2821
RS;22608;Venâncio Aires;65953;68763;2810
RN;13359;Serra do Mel;10287;13091;2804
BA;3904;Bom Jesus da Lapa;62771;65550;2779
MG;56908;Sacramento;23896;26670;2774
RJ;506;Bom Jardim;25333;28102;2769
CE;12304;São Benedito;44875;47640;2765
GO;3559;Bonfinópolis;7531;10296;2765
PI;1150;Baixa Grande do Ribeiro;10516;13272;2756
MG;34905;Jacutinga;22772;25525;2753
MG;49804;Perdizes;14404;17151;2747
PR;10078;Imbaú;11503;14249;2746
TO;20200;São Miguel do Tocantins;10497;13241;2744
PA;7706;São Sebastião da Boa Vista;22904;25643;2739
RN;9407;Pau dos Ferros;27745;30479;2734
RN;1453;Baraúna;24182;26913;2731
RS;22707;Vera Cruz;23983;26710;2727
PR;22701;Sabáudia;6096;8822;2726
BA;12707;Ibirapitanga;22618;25344;2726
PA;3101;Gurupá;29062;31786;2724
PA;305;Afuá;35042;37765;2723
SP;46801;Santa Isabel;50453;53174;2721
BA;23357;Ourolândia;16522;19243;2721
MG;69307;Três Corações;72765;75485;2720
MS;4502;Itaporã;21418;24137;2719
BA;26608;Ribeira do Pombal;51293;54010;2717
MG;40159;Mário Campos;13192;15900;2708
RS;20404;Serafina Corrêa;14253;16961;2708
BA;801;Alcobaça;21823;24530;2707
MT;409;Alto Garças;10345;13052;2707
PA;1576;Bom Jesus do Tocantins;15298;18005;2707
MT;4526;Ipiranga do Norte;5113;7815;2702
MT;4807;Jaciara;25882;28569;2687
GO;19738;Santo Antônio de Goiás;4703;7386;2683
RS;19901;Sapiranga;72968;75648;2680
PB;8901;Mamanguape;41920;44599;2679
MG;68606;Teófilo Otoni;134745;137418;2673
MA;2200;Buriti;27013;29685;2672
ES;5010;Sooretama;23843;26502;2659
PE;7604;Ilha de Itamaracá;21884;24540;2656
BA;5909;Campo Alegre de Lourdes;28021;30671;2650
MG;55504;Rio Paranaíba;11885;14532;2647
AC;328;Jordão;6577;9222;2645
AM;144;Apuí;18007;20647;2640
SP;39103;Pirapora do Bom Jesus;15733;18370;2637
SC;9904;Lontras;10244;12873;2629
GO;10901;Itapaci;18458;21087;2629
AL;2355;Craíbas;22785;25397;2612
BA;33505;Wenceslau Guimarães;21867;24474;2607
RJ;456;Belford Roxo;480487;483087;2600
SP;48005;Santo Antônio de Posse;20650;23244;2594
PR;16208;Morretes;15718;18309;2591
RN;14407;Touros;30472;33035;2563
RJ;4144;Queimados;137962;140523;2561
CE;4350;Forquilha;21614;24173;2559
RR;209;Caracaraí;18398;20957;2559
SE;5406;Poço Redondo;30888;33439;2551
SC;6900;Ibirama;17315;19862;2547
SC;3907;Capinzal;20769;23314;2545
RR;233;Caroebe;8114;10656;2542
AM;4260;Uarini;11891;14431;2540
MG;52808;Prata;25802;28342;2540
MA;8058;Paulino Neves;14519;17056;2537
MG;5400;Barão de Cocais;28241;30778;2537
RJ;803;Cachoeiras de Macacu;54408;56943;2535
PR;12009;Jaguariaíva;32606;35141;2535
RO;809;Candeias do Jamari;19779;22310;2531
PE;13206;São João;21312;23837;2525
PI;7009;Oeiras;35640;38161;2521
SP;46405;Santa Cruz do Rio Pardo;43921;46442;2521
CE;11801;Russas;70408;72928;2520
MA;4552;Governador Edison Lobão;15895;18411;2516
TO;16505;Pedro Afonso;11539;14055;2516
PE;15805;Tupanatinga;24425;26937;2512
SC;17006;São Ludgero;10998;13509;2511
CE;8005;Massapê;35190;37697;2507
AM;1407;Eirunepé;30665;33170;2505
CE;4459;Fortim;14791;17294;2503
MA;55;Açailândia;104047;106550;2503
AM;839;Caapiranga;10975;13469;2494
AL;6448;Paripueira;11347;13835;2488
RS;4705;Carazinho;59317;61804;2487
SC;15455;Sangão;10400;12882;2482
PB;10808;Patos;100693;103165;2472
PR;10953;Itaipulândia;9026;11485;2459
SP;25300;Jaú;131040;133497;2457
MT;6372;Pedra Preta;15610;18066;2456
RS;9407;Guaporé;22814;25268;2454
RS;6809;Encantado;20513;22962;2449
SC;18509;Treze Tílias;6341;8787;2446
PA;1006;Aveiro;15849;18290;2441
BA;25105;Poções;45855;48293;2438
SP;21903;Itajobi;14556;16989;2433
CE;4509;Frecheirinha;13227;15657;2430
SC;10605;Massaranduba;14736;17162;2426
PR;19103;Piên;11236;13655;2419
MG;32404;Itajubá;90658;93073;2415
SC;11207;Morro da Fumaça;16126;18537;2411
BA;25253;Ponto Novo;15529;17938;2409
GO;22005;Vianópolis;12548;14956;2408
MG;21258;Delta;8089;10494;2405
MT;8501;Vera;10402;12800;2398
MG;57203;Santa Bárbara;28077;30466;2389
BA;5404;Cairu;15374;17761;2387
SC;10100;Mafra;52912;55286;2374
PB;11202;Pedras de Fogo;27289;29662;2373
MA;9007;Porto Franco;21530;23903;2373
PR;15606;Matelândia;16078;18450;2372
SC;12304;Paulo Lopes;6692;9063;2371
CE;10258;Paraipaba;29849;32216;2367
AM;3304;Novo Aripuanã;21451;23818;2367
MT;6240;Nova Ubiratã;9175;11530;2355
MT;3858;Gaúcha do Norte;6292;8642;2350
MG;3751;Araporã;6144;8479;2335
PR;17255;Nova Prata do Iguaçu;10377;12699;2322
SP;7902;Brotas;21580;23898;2318
SP;27207;Lorena;82537;84855;2318
SC;13708;Pouso Redondo;14810;17123;2313
PR;1002;Ampére;17308;19620;2312
PR;3107;Bocaiúva do Sul;10987;13299;2312
MA;11532;São Pedro da Água Branca;12028;14338;2310
MG;24005;Ervália;17946;20255;2309
SC;3956;Capivari de Baixo;21674;23975;2301
PR;28203;União da Vitória;52735;55033;2298
SP;21150;Ipiguá;4463;6761;2298
SP;7100;Bom Jesus dos Perdões;19708;22006;2298
SC;4806;Curitibanos;37748;40045;2297
BA;11204;Gandu;29887;32178;2291
MT;5507;Vila Bela da Santíssima Trindade;14493;16774;2281
MA;7605;Palmeirândia;18780;21059;2279
BA;19504;Livramento de Nossa Senhora;41625;43903;2278
RS;10009;Ibirubá;19310;21583;2273
RN;7807;Monte Alegre;20763;23031;2268
SC;11702;Orleans;21393;23661;2268
MT;4542;Itanhangá;5276;7539;2263
BA;27101;Rodelas;8056;10308;2252
PE;3207;Caetés;26577;28827;2250
SP;29302;Matão;76786;79033;2247
BA;18357;João Dourado;22609;24854;2245
BA;24405;Pilão Arcado;33118;35357;2239
MG;51206;Pirapora;53368;55606;2238
SC;3808;Canoinhas;52779;55016;2237
PI;5706;Luís Correia;28406;30641;2235
MA;2903;Carutapera;22006;24238;2232
PE;13503;São José do Belmonte;32617;34843;2226
PR;3800;Cambira;7236;9460;2224
BA;30766;Sítio do Quinto;12553;14773;2220
SC;3709;Canelinha;10603;12821;2218
SP;14403;Dracena;43258;45474;2216
SP;43303;Ribeirão Pires;113354;115559;2205
MS;7109;Ribas do Rio Pardo;20946;23150;2204
MG;12802;Capitólio;8183;10380;2197
MA;832;Apicum-Açu;15323;17519;2196
PI;6720;Nazária;8068;10262;2194
MG;7901;Bom Repouso;10457;12649;2192
BA;21005;Mata de São João;40375;42566;2191
RS;4663;Capão do Leão;24298;26487;2189
ES;1407;Castelo;34747;36930;2183
MG;24401;Espírito Santo do Dourado;4429;6611;2182
SE;1207;Canindé de São Francisco;24654;26834;2180
SP;1905;Amparo;65829;68008;2179
PA;8357;Vitória do Xingu;13431;15607;2176
CE;2602;Camocim;60158;62326;2168
AM;4237;Tonantins;17079;19247;2168
CE;10704;Pentecoste;35651;37813;2162
MG;13404;Caratinga;85207;87360;2153
AC;708;Xapuri;16091;18243;2152
MS;5681;Mundo Novo;17043;19193;2150
RJ;4151;Quissamã;20253;22393;2140
AL;508;Barra de Santo Antônio;14230;16365;2135
RJ;2254;Itatiaia;28783;30908;2125
SP;40507;Porangaba;8326;10451;2125
MT;5101;Juara;32781;34906;2125
SP;38204;Pinhalzinho;13105;15224;2119
TO;9302;Guaraí;22661;24775;2114
PB;6301;Guarabira;55381;57484;2103
GO;15306;Orizona;14300;16399;2099
PR;2307;Balsa Nova;11300;13395;2095
SP;49953;São Lourenço da Serra;13973;16067;2094
RR;506;São João da Baliza;6769;8858;2089
SC;4251;Cocal do Sul;15159;17240;2081
MG;68002;Taiobeiras;30970;33050;2080
PR;23501;Santa Helena;23413;25492;2079
AP;154;Pedra Branca do Amapari;10772;12847;2075
MG;61908;São Gonçalo do Rio Abaixo;9777;11850;2073
AL;6901;Pilar;33305;35370;2065
SP;53807;Taquarituba;22291;24350;2059
AM;1803;Ipixuna;22254;24311;2057
BA;16856;Itatim;13691;15737;2046
SP;49409;São Joaquim da Barra;46512;48558;2046
MA;1251;Bacabeira;14925;16966;2041
AC;435;Santa Rosa do Purus;4691;6723;2032
CE;8906;Morrinhos;20723;22753;2030
CE;2305;Bela Cruz;30745;32775;2030
AC;54;Assis Brasil;6072;8100;2028
GO;19308;Santa Helena de Goiás;36467;38492;2025
PR;13502;Loanda;21201;23225;2024
BA;23506;Palmeiras;8316;10339;2023
PE;9907;Ouricuri;63228;65245;2017
SP;18602;Guariba;35486;37498;2012
CE;11108;Porteiras;15048;17050;2002
PR;15408;Marmeleiro;13900;15901;2001
SP;53955;Tarumã;12885;14882;1997
BA;9901;Curaçá;32191;34180;1989
ES;2652;Irupi;11723;13710;1987
SP;46702;Santa Gertrudes;21634;23611;1977
PA;8308;Viseu;56716;58692;1976
SP;22406;Itapeva;87753;89728;1975
SP;11003;Castilho;18003;19977;1974
PE;8453;Lagoa do Carro;16007;17981;1974
MT;6158;Nova Bandeirantes;11662;13635;1973
BA;26004;Remanso;38615;40586;1971
MT;1852;Bom Jesus do Araguaia;5314;7280;1966
BA;1007;Amargosa;34557;36521;1964
PR;301;Agudos do Sul;8270;10233;1963
RS;12658;Não-Me-Toque;15936;17898;1962
GO;18003;Porangatu;42355;44317;1962
RS;17103;Sant'Ana do Livramento;82464;84421;1957
SP;24501;Jaci;5657;7613;1956
PR;4501;Capanema;18526;20481;1955
MA;12233;Trizidela do Vale;20529;22484;1955
GO;13756;Montividiu;10567;12521;1954
PI;11308;Valença do Piauí;20326;22279;1953
BA;24306;Piatã;18133;20086;1953
MA;1608;Barra do Corda;82580;84532;1952
SP;32009;Morungaba;11769;13720;1951
AM;2009;Itapiranga;8211;10162;1951
BA;22003;Mucuri;36026;37977;1951
MA;12803;Viana;49496;51442;1946
MG;69703;Turmalina;18055;20000;1945
MG;52006;Pompéu;29105;31047;1942
MA;6409;Mata Roma;15150;17090;1940
RS;4358;Candiota;8771;10710;1939
SP;21408;Iracemápolis;20029;21967;1938
RJ;2908;Miguel Pereira;24646;26582;1936
SP;5906;Batatais;56476;58402;1926
SC;9508;Laurentino;6007;7932;1925
SP;14908;Elias Fausto;15775;17699;1924
MG;43104;Monte Carmelo;45772;47692;1920
CE;2107;Baturité;33302;35218;1916
MA;6326;Maracaçumé;19234;21149;1915
SP;10153;Canitar;4369;6283;1914
PE;7307;Ipubi;27097;29009;1912
MS;5202;Ladário;19615;21522;1907
PR;16703;Nova Aurora;11866;13765;1899
MG;53608;Prudente de Morais;9573;11466;1893
SP;34757;Ouroeste;8405;10294;1889
SP;17406;Guaíra;37404;39279;1875
RS;13656;Palmares do Sul;10969;12844;1875
PI;10003;São João do Piauí;19548;21421;1873
PI;2901;Corrente;25407;27278;1871
PA;2855;Curuá;12254;14117;1863
AM;3007;Nhamundá;18278;20136;1858
MS;7802;Selvíria;6287;8142;1855
PE;13107;São Caitano;35274;37126;1852
ES;904;Barra de São Francisco;40649;42498;1849
MG;69901;Ubá;101519;103365;1846
MG;36900;Juruaia;9238;11084;1846
RN;12500;São Miguel;21693;23537;1844
PB;4306;Catolé do Rocha;28818;30661;1843
SP;53005;Taguaí;10828;12669;1841
GO;4854;Campo Limpo de Goiás;6241;8081;1840
SC;15109;Rodeio;10922;12757;1835
PE;14808;Tacaratu;22068;23902;1834
PA;7979;Terra Santa;16949;18782;1833
RJ;5158;São José do Vale do Rio Preto;20251;22080;1829
SP;44004;Rio das Pedras;29501;31328;1827
MA;3752;Davinópolis;12579;14404;1825
MG;21605;Diamantina;45880;47702;1822
PB;1500;Bananeiras;21315;23134;1819
SC;6207;Gravatal;10618;12435;1817
PR;11209;Itapejara d'Oeste;10531;12344;1813
AC;807;Porto Acre;14880;16693;1813
SP;2200;Angatuba;22210;24022;1812
MA;9908;Santa Inês;83203;85014;1811
RS;16006;Rolante;19448;21253;1805
SP;32405;Nazaré Paulista;16414;18217;1803
BA;2708;Barra;49291;51092;1801
MG;38625;Limeira do Oeste;6890;8687;1797
MG;56304;Rodeiro;6867;8664;1797
SP;8108;Buritama;15418;17210;1792
PR;27205;Terra Boa;15776;17568;1792
BA;9802;Cruz das Almas;58562;60348;1786
MG;45000;Nova Ponte;12812;14598;1786
MG;12505;Capim Branco;8881;10663;1782
PA;1451;Belterra;16318;18099;1781
PI;10805;Simplício Mendes;12089;13870;1781
AM;29;Alvarães;14088;15866;1778
MT;2504;Cáceres;87907;89681;1774
SP;20202;Igaratá;8831;10605;1774
RS;21956;Trindade do Sul;5787;7556;1769
SE;3005;Itabaianinha;38910;40678;1768
SP;24808;Jales;47012;48776;1764
RS;13060;Nova Hartz;18324;20088;1764
MA;9502;Riachão;20387;22145;1758
MT;6422;Peixoto de Azevedo;30963;32714;1751
SC;8104;Itaiópolis;20301;22051;1750
SC;15653;Santa Rosa do Sul;8043;9792;1749
ES;4351;Rio Bananal;17530;19274;1744
MG;37502;Lagoa Formosa;17161;18904;1743
CE;1950;Barreira;20653;22392;1739
GO;15504;Ouvidor;5467;7200;1733
SP;33502;Novo Horizonte;36593;38324;1731
SP;53856;Taquarivaí;5151;6876;1725
PR;17701;Palmeira;32133;33855;1722
BA;2906;Barra do Choça;34817;36539;1722
SP;26001;Junqueirópolis;18726;20448;1722
PR;7256;Douradina;7445;9161;1716
MA;7209;Nina Rodrigues;12464;14176;1712
SP;56354;Vargem;8801;10512;1711
BA;14406;Iraquara;22170;23879;1709
RS;22004;Triunfo;25793;27498;1705
PR;8320;Francisco Alves;6418;8116;1698
TO;20804;Sítio Novo do Tocantins;9132;10830;1698
PB;8307;Lagoa Seca;26033;27730;1697
GO;7907;Flores de Goiás;12048;13744;1696
RN;11056;Tibau;3687;5382;1695
BA;30402;Serra Preta;16304;17996;1692
SP;8009;Buri;18563;20250;1687
PR;21802;Ribeirão Claro;10678;12364;1686
SP;13207;Cristais Paulista;7588;9272;1684
SC;17501;Seara;16936;18620;1684
MA;1731;Belágua;6782;8460;1678
PR;18907;Pérola;10208;11878;1670
PE;11002;Petrolândia;32492;34161;1669
SC;200;Agrolândia;9323;10990;1667
SP;56305;Valparaíso;22576;24241;1665
PA;2772;Curionópolis;18288;19950;1662
PR;24103;Santo Antônio da Platina;42707;44369;1662
GO;3203;Barro Alto;8716;10371;1655
SP;42404;Regente Feijó;18494;20145;1651
SP;34906;Pacaembu;13226;14877;1651
SC;16404;São João do Sul;7018;8668;1650
RS;12708;Nonoai;12074;13719;1645
MT;1902;Brasnorte;15361;17004;1643
GO;18607;Rialma;10523;12165;1642
SP;19253;Iaras;6376;8010;1634
MA;4081;Fernando Falcão;9241;10873;1632
CE;4707;Granja;51717;53344;1627
PE;8305;Jupi;13705;15329;1624
MG;29301;Iapu;10407;12030;1623
PI;2703;Cocal;26591;28212;1621
SC;18301;Três Barras;18129;19746;1617
SP;36406;Paulicéia;6339;7955;1616
AP;204;Calçoene;9000;10612;1612
MG;7307;Bocaiúva;46421;48032;1611
MS;3801;Fátima do Sul;19009;20609;1600
PE;11309;Pombos;25953;27552;1599
MT;3502;Diamantino;20343;21941;1598
PA;6609;Santa Maria do Pará;23026;24624;1598
MG;11408;Campo Florido;6870;8466;1596
AC;179;Capixaba;8798;10392;1594
ES;805;Baixo Guandu;29081;30674;1593
MG;62708;São João do Paraíso;22319;23910;1591
CE;6108;Irauçuba;22324;23915;1591
RN;6502;Lagoa Nova;13983;15573;1590
SP;13108;Cravinhos;31691;33281;1590
MG;1706;Almenara;38775;40364;1589
MA;8256;Pedro do Rosário;22732;24320;1588
SP;35804;Paranapanema;17808;19395;1587
SP;55109;Tupi Paulista;14269;15854;1585
PR;6506;Coronel Vivida;21749;23331;1582
SP;550;Águas de Santa Bárbara;5601;7177;1576
BA;21906;Mucugê;10563;12137;1574
MG;22009;Divino;19133;20706;1573
SP;36109;Pardinho;5582;7153;1571
RS;20107;Sarandi;21285;22851;1566
MG;30200;Igaratinga;9264;10830;1566
RS;7807;Estrela;30619;32183;1564
MG;21209;Delfinópolis;6830;8393;1563
GO;555;Alto Horizonte;4510;6072;1562
AC;393;Porto Walter;9176;10735;1559
CE;8203;Meruoca;13599;15157;1558
RJ;3955;Pinheiral;22740;24298;1558
SP;37107;Pedreira;41558;43112;1554
MG;16159;Chapada Gaúcha;10805;12355;1550
AM;3908;São Paulo de Olivença;31422;32967;1545
PA;5403;Ourém;16311;17855;1544
MT;300;Alto Araguaia;15649;17193;1544
MG;47402;Paraopeba;22563;24107;1544
SP;33205;Nova Independência;3068;4609;1541
MS;856;Angélica;9191;10729;1538
AM;4302;Urucará;17094;18631;1537
SC;11504;Nova Trento;12190;13727;1537
MT;6653;Pontal do Araguaia;5395;6932;1537
PR;23006;Salto do Lontra;13689;15223;1534
TO;2554;Augustinópolis;15950;17484;1534
BA;10859;Filadélfia;16364;17897;1533
AM;2108;Japurá;7326;8858;1532
MS;3454;Deodápolis;12133;13663;1530
BA;27309;Salinas da Margarida;13463;14987;1524
SP;29500;Mendonça;4640;6159;1519
BA;17706;Jaguarari;31184;32703;1519
RN;11205;Santa Cruz;35797;37313;1516
SP;36307;Patrocínio Paulista;13000;14512;1512
PI;8304;Piracuruca;27339;28846;1507
GO;4706;Campinorte;11003;12510;1507
ES;2306;Guaçuí;27851;29358;1507
PR;12751;Jesuítas;9001;10506;1505
SP;12902;Cosmorama;7214;8719;1505
PR;18857;Perobal;5691;7189;1498
SP;10401;Capivari;48576;50068;1492
MA;1509;Barão de Grajaú;17493;18984;1491
SP;51405;Serra Azul;11256;12746;1490
PA;2608;Colares;11381;12868;1487
BA;9307;Correntina;30970;32457;1487
SP;22901;Itapuí;12173;13659;1486
AC;13;Acrelândia;12538;14021;1483
SE;7600;Umbaúba;22434;23917;1483
SP;29401;Mauá;416778;418261;1483
MG;28709;Guaxupé;49430;50911;1481
AM;4104;Tapauá;18120;19599;1479
MG;47204;Paraguaçu;20245;21723;1478
PE;11705;Riacho das Almas;19162;20639;1477
SP;31209;Monte Alegre do Sul;7152;8627;1475
MG;32206;Itaguara;12372;13846;1474
SP;8603;Cachoeira Paulista;30091;31564;1473
GO;100;Abadiânia;15759;17232;1473
PR;18006;Paraíso do Norte;11772;13245;1473
BA;27507;Santa Bárbara;19479;20952;1473
RS;21907;Três Passos;23965;25436;1471
PR;10102;Imbituva;28455;29924;1469
AL;3601;Japaratinga;7754;9219;1465
MG;44102;Muzambinho;20430;21891;1461
PB;16201;Sousa;65799;67259;1460
MG;67608;Simonésia;18298;19750;1452
BA;31608;Teolândia;13881;15332;1451
MG;69109;Toledo;5764;7214;1450
SP;19303;Ibaté;30734;32178;1444
BA;20452;Mansidão;12476;13919;1443
MG;64407;São Sebastião da Bela Vista;4948;6387;1439
GO;3906;Buriti Alegre;9059;10495;1436
SP;4800;Bálsamo;8160;9596;1436
PB;13901;São Bento;30801;32235;1434
MT;5622;Mirassol d'Oeste;25352;26785;1433
PR;13304;Laranjeiras do Sul;30801;32227;1426
SP;32207;Narandiba;4288;5713;1425
PB;9701;Monteiro;30852;32277;1425
MA;5153;Igarapé do Meio;12550;13974;1424
MG;50158;Piedade de Caratinga;7110;8529;1419
RJ;4805;São Fidélis;37543;38961;1418
SC;4509;Corupá;13852;15267;1415
MG;17876;Confins;5936;7350;1414
MG;26000;Florestal;6632;8045;1413
SC;10407;Maracajá;6404;7815;1411
PR;5409;Chopinzinho;19679;21085;1406
RS;8102;Feliz;12359;13764;1405
MA;1772;Bela Vista do Maranhão;10349;11750;1401
SE;1009;Campo do Brito;16749;18149;1400
GO;22054;Vicentinópolis;7373;8768;1395
MG;69406;Três Pontas;53860;55255;1395
PR;8809;Guaíra;30704;32097;1393
MG;40506;Martinho Campos;12611;14003;1392
SP;30508;Mococa;66290;67681;1391
PB;9057;Marcação;7609;8999;1390
TO;18303;Praia Norte;7659;9044;1385
PB;7101;Itapororoca;16997;18382;1385
MG;57906;Santa Margarida;15011;16395;1384
GO;21197;Terezópolis de Goiás;6561;7944;1383
MT;6778;Porto Alegre do Norte;10748;12127;1379
SP;54904;Três Fronteiras;5427;6804;1377
RJ;5802;Teresópolis;163746;165123;1377
MG;51404;Pitangui;25311;26685;1374
MG;61809;São Gonçalo do Pará;10398;11770;1372
PB;4033;Capim;5601;6970;1369
PB;12408;Puxinanã;12911;14277;1366
GO;4805;Campo Alegre de Goiás;6060;7422;1362
PR;27403;Terra Roxa;16759;18119;1360
MA;11573;São Pedro dos Crentes;4425;5783;1358
PR;10003;Iguaraçu;3982;5338;1356
AL;8006;Santana do Ipanema;44867;46220;1353
RS;2352;Bom Princípio;11789;13142;1353
MG;31208;Ipanema;18170;19522;1352
AM;60;Amaturá;9467;10819;1352
MG;19302;Coromandel;27547;28894;1347
GO;14002;Mozarlândia;13404;14750;1346
SP;51108;Sarapuí;9027;10369;1342
RS;18200;São Francisco de Paula;20551;21893;1342
SP;6102;Bebedouro;75035;76373;1338
GO;15009;Nova Veneza;8145;9481;1336
GO;5406;Ceres;20712;22046;1334
AP;253;Itaubal;4265;5599;1334
PE;10301;Paranatama;10866;12199;1333
PI;6696;Murici dos Portelas;8464;9797;1333
MG;7109;Boa Esperança;38516;39848;1332
RN;1008;Apodi;34763;36093;1330
CE;8377;Miraíma;12866;14196;1330
SP;14601;Dumont;8143;9471;1328
PE;8750;Lagoa Grande;22760;24088;1328
PA;7607;São Miguel do Guamá;51567;52894;1327
RR;282;Iracema;8696;10023;1327
SP;15400;Fartura;15320;16641;1321
MG;60405;Santo Antônio do Monte;25975;27295;1320
AL;8709;São Miguel dos Milagres;7163;8482;1319
MG;3900;Araújos;7883;9199;1316
MG;1003;Águas Vermelhas;12722;14037;1315
PE;500;Águas Belas;40235;41548;1313
MG;62450;São João das Missões;11715;13024;1309
PR;21208;Quitandinha;17089;18398;1309
GO;6404;Crixás;15760;17065;1305
PI;7801;Paulistana;19753;21055;1302
GO;134;Acreúna;20268;21568;1300
MG;49903;Perdões;20087;21384;1297
RS;19505;São Sebastião do Caí;23134;24428;1294
MG;9303;Buritis;22737;24030;1293
MG;59001;Santana do Riacho;4023;5313;1290
BA;24678;Piraí do Norte;9685;10974;1289
MT;7248;Santa Carmem;4085;5374;1289
PR;24806;São João;10599;11886;1287
MA;2374;Cachoeira Grande;8446;9732;1286
SP;37503;Pereiras;7454;8737;1283
MG;69604;Tupaciguara;24188;25470;1282
MA;3000;Caxias;155692;156973;1281
PB;4900;Cruz do Espírito Santo;15815;17095;1280
MG;54150;Reduto;6569;7848;1279
SC;10001;Luiz Alves;10405;11684;1279
AC;450;Senador Guiomard;20179;21454;1275
RJ;6008;Três Rios;77075;78346;1271
PR;26801;Tapejara;14598;15869;1271
SC;17303;Saudades;8994;10265;1271
SC;8401;Itapiranga;15371;16638;1267
GO;12303;Leopoldo de Bulhões;7479;8745;1266
ES;3007;Iúna;27328;28590;1262
SC;309;Agronômica;4794;6055;1261
MS;1102;Aquidauana;45543;46803;1260
RJ;4003;Piraí;26214;27474;1260
GO;12709;Mambaí;6867;8124;1257
SP;758;Alambari;4884;6141;1257
RO;189;Pimenta Bueno;33822;35079;1257
PR;11803;Jacarezinho;39121;40375;1254
PB;1401;Baía da Traição;7971;9224;1253
MG;30507;Ilicínea;11488;12741;1253
MG;66808;Serra do Salitre;10549;11801;1252
SP;57303;Estiva Gerbi;10044;11295;1251
SP;40705;Porto Ferreira;51400;52649;1249
MG;24203;Espera Feliz;22856;24102;1246
PE;14600;Tabira;26436;27681;1245
BA;30204;Sento Sé;36909;38154;1245
MG;22454;Divisópolis;8974;10213;1239
MG;40555;Mata Verde;7874;9112;1238
MA;5476;Jenipapo dos Vieiras;15839;17076;1237
AL;6307;Palmeira dos Índios;70341;71574;1233
SP;44301;Roseira;9599;10832;1233
SC;1901;Aurora;5551;6780;1229
MG;37700;Lajinha;19609;20835;1226
SE;506;Areia Branca;16857;18081;1224
MG;40530;Martins Soares;7173;8396;1223
SP;56909;Vista Alegre do Alto;6886;8109;1223
MG;72004;Visconde do Rio Branco;37942;39160;1218
MG;9907;Caetanópolis;10218;11435;1217
PB;12903;Rio Tinto;23366;24581;1215
CE;9201;Nova Olinda;14186;15399;1213
SP;37909;Pilar do Sul;26406;27619;1213
MG;28907;Guimarânia;7265;8478;1213
SP;1004;Altinópolis;15607;16818;1211
RS;22806;Veranópolis;22810;24021;1211
SP;53401;Tanabi;24055;25265;1210
SP;15202;Estrela d'Oeste;8208;9417;1209
PR;12801;Joaquim Távora;10736;11945;1209
MT;7180;Ribeirão Cascalheira;8881;10089;1208
AM;3502;Pauini;18166;19373;1207
SP;48609;São Bento do Sapucaí;10468;11674;1206
PA;7904;Soure;23001;24204;1203
AL;2603;Feira Grande;21513;22712;1199
MA;11607;São Raimundo das Mangabeiras;17474;18672;1198
SC;606;Águas Mornas;5548;6743;1195
MG;43807;Munhoz;6257;7451;1194
RS;21808;Três de Maio;23726;24916;1190
RS;16758;Santa Clara do Sul;5697;6887;1190
SC;18806;Turvo;11855;13043;1188
GO;17708;Pontalina;17121;18309;1188
MA;3505;Colinas;39132;40316;1184
GO;4557;Caldazinha;3331;4507;1176
MG;54804;Rio Acima;9087;10261;1174
SC;9151;José Boiteux;4812;5985;1173
SP;21804;Itaí;24008;25180;1172
MT;6174;Nova Nazaré;3029;4200;1171
MT;6182;Nova Lacerda;5500;6670;1170
RN;10306;Serra Caiada;8960;10125;1165
PB;15302;Sapé;50143;51306;1163
BA;18506;Jussara;15194;16354;1160
PR;6308;Corbélia;16312;17470;1158
PB;403;Alagoa Nova;19856;21013;1157
MG;45877;Orizânia;7284;8437;1153
PE;10806;Pedra;21644;22795;1151
RS;20008;Sapucaia do Sul;130957;132107;1150
CE;10902;Piquet Carneiro;15469;16616;1147
CE;11959;Salitre;15487;16633;1146
RN;8904;Parelhas;20354;21499;1145
PB;9206;Massaranduba;12994;14139;1145
RS;1602;Bagé;116794;117938;1144
MG;30408;Ijaci;5859;7003;1144
PE;12604;Santa Maria da Boa Vista;39435;40578;1143
PA;8035;Tracuateua;27455;28595;1140
PR;12108;Jandaia do Sul;20269;21408;1139
BA;19926;Madre de Deus;17376;18504;1128
SC;16503;São Joaquim;24812;25939;1127
PI;202;Água Branca;16451;17573;1122
PB;11509;Pilar;11191;12311;1120
RS;9555;Harmonia;4259;5378;1119
PA;5486;Pacajá;39979;41097;1118
MG;67103;Serro;20835;21952;1117
MG;23601;Elói Mendes;25220;26336;1116
SP;12001;Colina;17371;18486;1115
PR;25605;São Mateus do Sul;41257;42366;1109
CE;8351;Milhã;13015;14123;1108
BA;30758;Sítio do Mato;12300;13408;1108
SP;6607;Biritiba Mirim;28575;29683;1108
BA;17805;Jaguaripe;16552;17659;1107
PB;13158;Santa Cecília;6563;7670;1107
RS;22251;Tupandi;3924;5029;1105
MG;51008;Piranguinho;8016;9120;1104
SP;45159;Saltinho;7059;8161;1102
BA;30808;Souto Soares;15952;17054;1102
SP;53203;Taiúva;5447;6548;1101
CE;7809;Marco;24698;25799;1101
PE;302;Agrestina;22679;23779;1100
MS;906;Antônio João;8208;9303;1095
PR;17453;Ouro Verde do Oeste;5692;6785;1093
MG;6408;Belo Vale;7536;8627;1091
MG;4601;Astolfo Dutra;13049;14138;1089
PE;203;Afrânio;17586;18674;1088
PE;1052;Araçoiaba;18156;19243;1087
SC;1505;Armazém;7753;8834;1081
PR;26272;Saudade do Iguaçu;5028;6108;1080
PE;3108;Cachoeirinha;18819;19899;1080
SP;37206;Pedro de Toledo;10204;11281;1077
SC;16057;São Cristóvão do Sul;5012;6084;1072
MG;38609;Lima Duarte;16149;17221;1072
SC;17253;São Pedro de Alcântara;4704;5776;1072
PR;14500;Manoel Ribas;13169;14240;1071
PE;8909;Limoeiro;55439;56510;1071
SC;705;Alfredo Wagner;9410;10481;1071
PB;16300;Sumé;16096;17166;1070
SC;12205;Papanduva;18080;19150;1070
ES;1159;Brejetuba;11915;12985;1070
MA;3158;Centro do Guilherme;11273;12342;1069
MA;2606;Cândido Mendes;18864;19932;1068
MG;47303;Paraisópolis;19379;20445;1066
MA;12001;Tasso Fragoso;7796;8862;1066
PR;1705;Araruna;13419;14485;1066
RN;5801;João Câmara;32227;33290;1063
MG;33105;Itanhandu;14175;15236;1061
SP;5807;Bastos;20445;21503;1058
BA;30105;Senhor do Bonfim;73466;74523;1057
MT;2603;Campinápolis;14291;15347;1056
PR;20705;Quatiguá;7045;8099;1054
MG;57005;Salinas;39125;40178;1053
RS;20206;Seberi;10897;11950;1053
ES;3502;Montanha;17849;18900;1051
SC;17808;Taió;17260;18310;1050
GO;17104;Piracanjuba;23834;24883;1049
SP;24907;Jambeiro;5349;6397;1048
SP;25508;Joanópolis;11768;12815;1047
TO;20101;São Bento do Tocantins;4608;5654;1046
MG;19401;Coronel Fabriciano;103694;104736;1042
BA;8101;Cocos;18111;19151;1040
AP;535;Porto Grande;16809;17848;1039
AM;3205;Novo Airão;14723;15761;1038
TO;8254;Tabocão;2419;3455;1036
CE;9102;Mulungu;9534;10569;1035
MG;70750;Varjão de Minas;5934;6969;1035
SP;42008;Quintana;6004;7038;1034
SP;56008;Urupês;12714;13744;1030
ES;3353;Marilândia;11358;12387;1029
SC;16354;São João do Itaperiú;3435;4463;1028
RS;16600;Sananduva;15373;16399;1026
RO;924;Chupinguaia;8301;9324;1023
SP;16101;Florínea;2829;3851;1022
RS;11627;Lindolfo Collor;5227;6248;1021
BA;29602;Sapeaçu;16943;17963;1020
SP;23503;Itatinga;18052;19070;1018
MG;62948;São José da Barra;6778;7793;1015
MG;45109;Nova Resende;15374;16387;1013
PE;14709;Tacaimbó;12725;13738;1013
SE;1702;Cristinápolis;16087;17100;1013
SC;4004;Catanduvas;9555;10566;1011
SP;26407;Laranjal Paulista;25251;26261;1010
SC;4350;Cordilheira Alta;3771;4781;1010
MA;10658;São Domingos do Azeitão;6983;7992;1009
SC;13807;Praia Grande;7262;8270;1008
BA;25808;Queimadas;24986;25988;1002
RS;12153;Mato Leitão;3858;4859;1001
MG;62559;São João do Manhuaçu;10245;11246;1001
RS;1107;Arroio dos Ratos;13606;14601;995
SP;40754;Potim;19397;20392;995
PE;12703;Santa Maria do Cambucá;13021;14013;992
ES;2207;Fundão;17025;18014;989
MG;65578;Senador Amaral;5219;6206;987
TO;2901;Axixá do Tocantins;9275;10262;987
BA;28406;Santa Rita de Cássia;26404;27390;986
SP;44806;Sales;5451;6437;986
MT;6299;Paranaíta;10686;11671;985
MA;1004;Arari;28488;29472;984
GO;5901;Corumbaíba;8181;9164;983
SC;13104;Piratuba;4786;5769;983
MG;28006;Guanhães;31262;32244;982
RS;19000;São Marcos;20103;21084;981
CE;13609;Ubajara;31787;32767;980
SP;27603;Luís Antônio;11286;12265;979
MG;70057;Ubaporanga;12040;13017;977
MG;68903;Tiros;6906;7883;977
PB;11301;Piancó;15465;16441;976
SC;11751;Otacílio Costa;16337;17312;975
MG;44003;Mutum;26661;27635;974
MG;39805;Mar de Espanha;11749;12721;972
SP;44509;Rubinéia;2862;3833;971
AM;3957;São Sebastião do Uatumã;10705;11670;965
MS;1508;Bandeirantes;6977;7940;963
MS;6275;Paraíso das Águas;4548;5510;962
GO;4102;Cachoeira Alta;10552;11513;961
SP;38808;Piraju;28475;29436;961
ES;4609;Santa Teresa;21851;22808;957
MG;14501;Carmópolis de Minas;17048;18003;955
BA;23001;Nova Viçosa;38556;39509;953
RS;12807;Nova Araçá;4001;4954;953
BA;12806;Ibirapuã;7948;8896;948
PI;5581;Lagoa do Piauí;3863;4810;947
PR;23402;Santa Fé;10432;11378;946
SP;12803;Cosmópolis;58827;59773;946
PA;6559;Santa Luzia do Pará;19424;20370;946
CE;2800;Canindé;73228;74174;946
MT;3007;Chapada dos Guimarães;18047;18990;943
RN;12609;São Paulo do Potengi;15843;16786;943
RS;17905;Santo Cristo;14378;15320;942
SC;4558;Correia Pinto;14785;15727;942
AL;7503;Porto Real do Colégio;19141;20082;941
RS;22541;Vale Real;5118;6058;940
PR;24509;Santo Inácio;5241;6181;940
SC;19853;Zortéa;2991;3930;939
PR;23808;Santa Izabel do Oeste;13132;14070;938
RN;10405;Pureza;8424;9362;938
MG;53905;Raposos;15342;16279;937
SP;34708;Ourinhos;103035;103970;935
SC;7650;Iporã do Oeste;8400;9335;935
RN;12559;São Miguel do Gostoso;9287;10221;934
MG;21902;Divinésia;3293;4226;933
SC;7684;Ipuaçu;6798;7730;932
SP;31308;Monte Alto;46642;47574;932
BA;14505;Irará;27112;28043;931
PR;19608;Pitanga;32638;33567;929
SP;32504;Neves Paulista;8772;9699;927
BA;26301;Riachão do Jacuípe;32463;33386;923
SP;55604;Uchoa;9471;10394;923
BA;7103;Carinhanha;27948;28869;921
SE;4201;Monte Alegre de Sergipe;13415;14336;921
BA;5008;Caculé;21541;22462;921
SP;41208;Presidente Bernardes;13570;14490;920
RS;13805;Palmitinho;6920;7839;919
CE;13559;Tururu;14495;15412;917
SC;1703;Ascurra;7403;8319;916
ES;4500;Santa Leopoldina;12191;13106;915
SE;6206;Salgado;19365;20279;914
MG;40902;Matipó;17639;18552;913
PE;8255;Jucati;10604;11517;913
SP;38600;Piracaia;25116;26029;913
MG;20201;Cristais;11286;12197;911
RS;15909;Rodeio Bonito;5743;6654;911
PR;18451;Pato Bragado;4822;5733;911
SP;26506;Lavínia;8779;9689;910
RS;10108;Igrejinha;31899;32808;909
CE;6603;Itatira;19516;20424;908
BA;31004;Tanhaçu;20105;21006;901
MG;68507;Teixeiras;11355;12255;900
PA;5551;Pau D'Arco;6033;6931;898
BA;31053;Tanque Novo;16261;17158;897
MA;5963;Lagoa Grande do Maranhão;10517;11411;894
SC;2701;Botuverá;4470;5363;893
SP;105;Adamantina;33797;34687;890
RJ;4128;Quatis;12793;13682;889
GO;14838;Nova Crixás;11927;12815;888
SP;34005;Onda Verde;3884;4771;887
PR;15853;Mercedes;5046;5931;885
SE;1306;Capela;30761;31645;884
SC;12650;Pescaria Brava;9307;10190;883
RS;18622;São José dos Ausentes;3290;4172;882
MG;50703;Pirajuba;4656;5537;881
SC;11405;Nova Erechim;4275;5155;880
SP;28601;Manduri;8992;9871;879
AM;102;Anori;16317;17194;877
GO;18904;Rubiataba;18915;19788;873
PR;15358;Maripá;5684;6555;871
BA;29057;São Félix do Coribe;14326;15194;868
SP;56404;Vargem Grande do Sul;39266;40133;867
AL;7404;Porto de Pedras;8429;9295;866
MT;6281;Novo São Joaquim;6054;6919;865
PR;11506;Ivaiporã;31856;32720;864
AP;238;Ferreira Gomes;5802;6666;864
PB;15971;Sobrado;7373;8236;863
CE;13906;Uruoca;12883;13746;863
SP;36257;Parisi;2032;2892;860
MG;37809;Lambari;19554;20414;860
PE;5400;Feira Nova;20571;21427;856
MG;1631;Alfredo Vasconcelos;6075;6931;856
PB;8554;Logradouro;3942;4797;855
PE;5707;Floresta;29285;30137;852
PI;9971;São João do Arraial;7336;8186;850
MG;9709;Cachoeira de Minas;11034;11883;849
SP;54953;Tuiuti;5930;6778;848
AM;1506;Envira;16338;17186;848
SP;44905;Sales Oliveira;10568;11411;843
PB;7002;Itaporanga;23098;23940;842
SP;6904;Bofete;9618;10460;842
CE;7106;Jardim;26574;27411;837
PB;9305;Mataraca;7407;8244;837
SP;6300;Bernardino de Campos;10775;11607;832
MS;5152;Juti;5897;6729;832
MG;27206;Funilândia;3855;4686;831
PB;3001;Caaporã;20362;21193;831
PB;8604;Lucena;11730;12560;830
SP;54508;Tietê;36835;37663;828
PR;15754;Mauá da Serra;8555;9383;828
SP;37800;Piedade;52143;52970;827
MG;50901;Piranguçu;5217;6041;824
RS;2402;Bom Retiro do Sul;11472;12294;822
PB;9503;Montadas;4990;5812;822
RJ;159;Aperibé;10213;11034;821
CE;4954;Guaiúba;23504;24325;821
SP;14007;Dobrada;7939;8759;820
PE;16001;Venturosa;16433;17251;818
SP;21101;Ipeúna;6016;6831;815
RS;4903;Casca;8651;9465;814
MG;5103;Bambuí;22734;23546;812
PE;15508;Tracunhaém;13055;13867;812
MG;43500;Morada Nova de Minas;8255;9067;812
MG;8602;Brasília de Minas;31213;32025;812
BA;28505;Santa Terezinha;9629;10441;812
PR;17305;Ortigueira;23380;24192;812
MS;4601;Itaquiraí;18614;19423;809
RS;12906;Nova Bassano;8840;9649;809
MA;5500;João Lisboa;23900;24709;809
GO;10109;Ipameri;24740;25548;808
GO;2502;Aruanã;7496;8300;804
SP;32801;Nova Aliança;5891;6693;802
MG;35407;Jeceaba;5395;6197;802
PA;7755;Sapucaia;5047;5847;800
MT;7768;Santa Rita do Trivelato;2477;3276;799
MS;4908;Jaraguari;6341;7139;798
RJ;2270;Japeri;95492;96289;797
RS;3905;Campo Bom;62091;62886;795
PI;2083;Cajueiro da Praia;7163;7957;794
MG;8552;Brasilândia de Minas;14226;15020;794
SP;19402;Ibirá;10896;11690;794
RJ;3708;Paraíba do Sul;41269;42063;794
SP;204;Adolfo;3557;4351;794
CE;5803;Ipu;40292;41081;789
RS;14035;Pareci Novo;3530;4319;789
SP;54300;Teodoro Sampaio;21386;22173;787
PA;7003;Santo Antônio do Tauá;26674;27461;787
SP;36208;Pariquera-Açu;18446;19233;787
PR;22156;Rio Bonito do Iguaçu;13143;13929;786
RN;3301;Encanto;5231;6016;785
MG;68804;Tiradentes;6961;7744;783
RS;14050;Parobé;51275;52058;783
MG;33006;Itamonte;14003;14786;783
BA;7905;Cipó;16449;17230;781
RS;21402;Tenente Portela;13719;14497;778
ES;1100;Bom Jesus do Norte;9476;10254;778
SP;36802;Pedra Bela;5780;6557;777
PR;2109;Astorga;24698;25475;777
MG;57252;Santa Bárbara do Leste;7682;8458;776
BA;3276;Barrocas;14429;15203;774
SC;14201;Quilombo;10248;11022;774
MG;32503;Itamarandiba;32175;32948;773
MG;44656;Ninheira;9815;10588;773
GO;5000;Carmo do Rio Verde;8938;9710;772
BA;1502;Anguera;10259;11031;772
MT;6190;Nova Santa Helena;3468;4239;771
GO;13707;Montes Claros de Goiás;7985;8756;771
MA;7100;Morros;17783;18554;771
MG;20805;Cruzília;14591;15362;771
RS;9050;Glorinha;6891;7658;767
MT;3908;General Carneiro;5272;6037;765
PR;10607;Iporã;14981;15746;765
RJ;3500;Nova Iguaçu;785102;785867;765
MG;62203;São João Batista do Glória;6887;7652;765
CE;4905;Groaíras;10147;10910;763
SP;3109;Arandu;6123;6885;762
MT;7743;Santa Cruz do Xingu;1900;2661;761
MG;51602;Planura;10384;11145;761
MA;2101;Brejo;33359;34120;761
MS;6309;Paranaíba;40197;40957;760
MT;4609;Itiquira;11478;12236;758
RN;6601;Lagoa Salgada;7564;8319;755
PA;7201;São Domingos do Capim;29846;30599;753
SC;3303;Campo Alegre;11748;12501;753
SP;48054;Santo Antônio do Aracanguá;7626;8379;753
MS;7406;Rio Verde de Mato Grosso;19066;19818;752
MG;51305;Piraúba;10862;11610;748
RS;21667;Três Cachoeiras;10217;10962;745
MA;709;Anajatuba;24579;25322;743
GO;3609;Brazabrantes;3251;3992;741
RN;10504;Rafael Fernandes;4692;5432;740
MA;550;Amapá do Maranhão;6431;7170;739
RJ;4706;Santo Antônio de Pádua;40589;41325;736
MA;8009;Pastos Bons;18067;18802;735
PR;9005;Guapirama;3891;4626;735
MG;11200;Campo Belo;51544;52277;733
BA;33174;Varzedo;9183;9913;730
MT;3106;Cocalinho;5490;6220;730
BA;11402;Glória;14795;15524;729
MG;35704;Jequitibá;5156;5883;727
MS;4403;Inocência;7677;8404;727
RS;1651;Barão;5735;6461;726
SE;4458;Nossa Senhora Aparecida;8508;9232;724
MT;7354;São José do Xingu;5240;5964;724
TO;21109;Tocantínia;6736;7459;723
GO;18052;Porteirão;3347;4070;723
MG;38674;Luisburgo;6234;6956;722
PR;19806;Planalto;13654;14374;720
SE;2809;Indiaroba;15831;16549;718
SP;29609;Meridiano;3855;4572;717
SC;17600;Siderópolis;12998;13714;716
PI;5953;Marcolândia;7819;8533;714
RN;14159;Tenente Laurentino Cruz;5177;5891;714
MG;31604;Iraí de Minas;6467;7180;713
BA;9703;Cristópolis;13280;13993;713
MG;51107;Pirapetinga;10364;11077;713
MG;54101;Recreio;10299;11007;708
MG;23007;Dores de Campos;9299;10007;708
CE;14003;Várzea Alegre;38276;38984;708
GO;20264;São Miguel do Passa Quatro;3757;4464;707
SC;18608;Trombudo Central;6567;7274;707
BA;14109;Ipupiara;9229;9935;706
SP;55505;Ubirajara;4427;5132;705
SP;25409;Jeriquara;3160;3863;703
SP;13702;Descalvado;31056;31756;700
RJ;4300;Rio Bonito;55576;56276;700
MA;6672;Milagres do Maranhão;8118;8818;700
RS;4689;Capela de Santana;10462;11159;697
PR;17222;Nova Santa Rosa;7626;8322;696
SC;19002;Urussanga;20223;20919;696
PB;16805;Triunfo;9201;9892;691
PB;4355;Caturité;4563;5254;691
BA;11600;Governador Mangabeira;19916;20605;689
PA;6161;Rio Maria;17697;18384;687
GO;12907;Marzagão;2072;2758;686
MG;40803;Matias Barbosa;13435;14121;686
RO;98;Espigão D'Oeste;28729;29414;685
PR;20606;Prudentópolis;48709;49393;684
PB;9404;Mogeiro;13219;13899;680
MS;3488;Dois Irmãos do Buriti;10423;11100;677
PR;20853;Quatro Pontes;3803;4480;677
MG;20607;Crucilândia;4757;5434;677
PB;2508;Boqueirão;16922;17598;676
MA;2754;Capinzal do Norte;10698;11374;676
SC;14607;Rio do Oeste;7072;7747;675
CE;3402;Carnaubal;16537;17210;673
CE;10605;Penaforte;8299;8972;673
PI;6753;Nossa Senhora de Nazaré;4556;5228;672
BA;30600;Serrolândia;12664;13335;671
SP;45704;Santa Albertina;5723;6393;670
GO;22302;Vila Propício;5145;5815;670
SE;2106;Estância;64409;65078;669
PA;503;Almeirim;33614;34280;666
SP;501;Águas de Lindóia;17266;17930;664
BA;13200;Ibotirama;25645;26309;664
SC;7809;Irani;9531;10195;664
SP;50605;São Roque;78821;79484;663
SP;29203;Martinópolis;24219;24881;662
TO;7108;Divinópolis do Tocantins;6363;7024;661
SP;28858;Marapoama;2633;3292;659
SC;19408;Witmarsum;3596;4255;659
PB;15930;Sertãozinho;4395;5054;659
MG;24500;Estiva;10845;11502;657
MG;52709;Prados;8391;9048;657
SE;2304;Frei Paulo;13874;14530;656
CE;12007;Santana do Acaraú;29972;30628;656
PI;5805;Luzilândia;24721;25375;654
SP;39202;Pirapozinho;24694;25348;654
PR;20200;Porto Rico;2530;3182;652
MA;6201;Luís Domingues;6510;7161;651
BA;15106;Itagi;13152;13803;651
SE;2205;Feira Nova;5324;5975;651
MG;21407;Desterro de Entre Rios;7002;7653;651
PR;7538;Entre Rios do Oeste;3926;4575;649
SE;6305;Santa Luzia do Itanhy;12969;13616;647
MG;48756;Pedra Bonita;6673;7320;647
SP;48203;Santo Antônio do Pinhal;6486;7133;647
PE;13404;São José da Coroa Grande;18180;18825;645
TO;1101;Aparecida do Rio Negro;4213;4856;643
BA;5503;Caldeirão Grande;12438;13080;642
MS;7505;Rochedo;4557;5199;642
RS;17509;Santo Ângelo;76275;76917;642
PR;3503;Califórnia;8069;8710;641
SC;8005;Itá;6426;7067;641
MG;38104;Lassance;6484;7124;640
SP;12100;Colômbia;5994;6629;635
RS;5801;Constantina;9752;10385;633
CE;7908;Martinópole;10214;10846;632
MA;10039;Santa Luzia do Paruá;23676;24307;631
MG;65008;São Tiago;10561;11192;631
BA;6105;Canápolis;9597;10225;628
PE;6606;Ibimirim;25965;26593;628
MG;15359;Catas Altas;4846;5473;627
PB;15500;Serra Branca;12987;13614;627
RN;1800;Brejinho;11577;12202;625
SP;23602;Itirapina;15524;16148;624
SP;42305;Redenção da Serra;3873;4494;621
RS;1701;Barão de Cotegipe;6526;7144;618
TO;18865;Santa Fé do Araguaia;6599;7216;617
PI;2208;Campo Maior;45177;45793;616
MG;302;Abre Campo;13311;13927;616
PI;2174;Campo Largo do Piauí;6803;7419;616
CE;3659;Catunda;9828;10444;616
MG;8107;Bonfim;6818;7434;616
MG;17900;Congonhal;10468;11083;615
MG;19203;Coroaci;10270;10884;614
MG;2407;Alvorada de Minas;3546;4159;613
RS;21709;Três Coroas;23812;24425;613
SP;43600;Rifaina;3436;4049;613
MS;3900;Figueirão;2928;3539;611
MG;42007;Mirabela;13042;13651;609
PI;1770;Boa Hora;6296;6902;606
MG;5301;Bandeira do Sul;5338;5943;605
BA;3003;Barra do Mendes;13233;13836;603
PA;1253;Bannach;3431;4031;600
MG;40209;Maripá de Minas;2788;3387;599
SC;17956;Tigrinhos;1730;2329;599
AL;6109;Ouro Branco;10848;11446;598
MT;1001;Araguaiana;3197;3795;598
SC;7700;Ipumirim;7220;7816;596
AL;8402;São José da Tapera;30009;30604;595
CE;1257;Ararendá;10501;11096;595
SC;5209;Erval Velho;4290;4885;595
PR;12405;Japurá;8549;9144;595
RS;8078;Fazenda Vilanova;3697;4291;594
MS;7950;Tacuru;10215;10808;593
RS;15149;Presidente Lucena;2484;3077;593
PR;16059;Missal;10474;11064;590
BA;4050;Bonito;15254;15844;590
TO;2208;Araguatins;31329;31918;589
SP;50209;São Miguel Arcanjo;31450;32039;589
ES;4658;São Domingos do Norte;8001;8589;588
MG;7604;Bom Jesus da Penha;3887;4474;587
GO;21551;Turvelândia;4399;4985;586
RN;14605;Upanema;12992;13577;585
AL;1803;Carneiros;8415;8999;584
MG;10301;Caldas;13633;14217;584
TO;12009;Lajeado;2773;3357;584
PA;6104;Primavera;10268;10851;583
BA;6824;Canudos;15522;16105;583
SP;26605;Lavrinhas;6590;7171;581
SC;12700;Petrolândia;6136;6716;580
MG;40308;Marliéria;4012;4592;580
MT;8857;Nova Marilândia;2949;3529;580
PI;2000;Buriti dos Lopes;19074;19654;580
SC;14706;Rio dos Cedros;10286;10865;579
MA;6706;Mirador;20452;21030;578
MG;69356;Três Marias;28318;28895;577
SC;2859;Braço do Trombudo;3451;4026;575
PB;12762;Riachão do Poço;4164;4738;574
SP;33601;Nuporanga;6817;7391;574
GO;6305;Cristianópolis;2932;3504;572
MG;48707;Pedra Azul;23839;24410;571
MS;6358;Paranhos;12350;12921;571
MA;11789;Serrano do Maranhão;9632;10202;570
PE;4403;Chã de Alegria;12414;12984;570
SP;28007;Macatuba;16259;16829;570
SP;17208;Guaiçara;10670;11239;569
MA;12506;Tutóia;52788;53356;568
ES;1803;Divino de São Lourenço;4516;5083;567
MG;35308;Japaraíba;3939;4506;567
MG;49002;Pedra Dourada;2191;2757;566
GO;18789;Rio Quente;3298;3864;566
MA;10401;São Benedito do Rio Preto;17799;18364;565
RR;605;São Luiz;6750;7315;565
BA;17334;Iuiu;10553;11118;565
ES;2553;Ibitirama;8957;9520;563
RN;2402;Carnaúba dos Dantas;7429;7992;563
MT;3205;Colíder;30807;31370;563
MG;30556;Imbé de Minas;6424;6986;562
RS;10538;Itaara;5010;5572;562
MA;154;Água Doce do Maranhão;11581;12142;561
BA;3508;Belo Campo;17851;18412;561
PR;27502;Tibagi;19403;19961;558
PB;1351;Assunção;3594;4152;558
PE;5004;Cupira;22964;23518;554
TO;6506;Darcinópolis;5273;5827;554
SP;808;Alfredo Marcondes;3891;4445;554
PB;1534;Baraúna;4210;4762;552
PA;3002;Faro;8177;8728;551
MG;42809;Monte Alegre de Minas;19619;20170;551
MG;17108;Conceição da Aparecida;9820;10371;551
MA;4099;Formosa da Serra Negra;17169;17719;550
SP;46504;Santa Ernestina;5568;6118;550
AC;427;Rodrigues Alves;14389;14938;549
GO;5455;Cezarina;7542;8090;548
PR;5904;Colorado;22349;22896;547
SP;52908;Taciba;5714;6260;546
SP;9957;Canas;4385;4931;546
GO;20504;Serranópolis;7481;8027;546
ES;2504;Ibiraçu;11178;11723;545
RS;21469;Tio Hugo;2724;3267;543
MG;19906;Córrego do Bom Jesus;3730;4272;542
RS;21436;Terra de Areia;9793;10334;541
TO;3800;Buriti do Tocantins;9768;10307;539
PE;5459;Fernando de Noronha;2630;3167;537
MA;6607;Matões;31638;32174;536
SC;14300;Rancho Queimado;2744;3279;535
SP;31407;Monte Aprazível;21746;22280;534
RN;4408;Grossos;9393;9924;531
MG;6309;Belo Oriente;23397;23928;531
SC;5308;Faxinal dos Guedes;10661;11192;531
SC;9409;Laguna;42255;42785;530
MG;14402;Carmo do Rio Claro;20426;20954;528
SP;41059;Pratânia;4599;5126;527
MG;46008;Ouro Fino;31568;32094;526
PI;1507;Batalha;25774;26300;526
MG;23304;Dores do Turvo;4462;4987;525
PR;11704;Jaboti;4902;5427;525
TO;12702;Mateiros;2223;2748;525
PB;577;Algodão de Jandaíra;2429;2953;524
PI;3107;Cristino Castro;9981;10503;522
GO;1504;Aporé;3803;4325;522
PR;23303;Santa Cruz de Monte Castelo;8092;8613;521
MG;42403;Moema;7028;7548;520
PI;1929;Bonfim do Piauí;5393;5913;520
MG;13602;Careaçu;6298;6816;518
MS;4007;Glória de Dourados;9927;10444;517
PB;9156;Marizópolis;6188;6705;517
RJ;936;Carapebus;13330;13847;517
TO;3842;Campos Lindos;8139;8653;514
CE;13005;Solonópole;17665;18179;514
BA;2500;Baianópolis;13100;13614;514
SP;46108;Santa Clara d'Oeste;2084;2598;514
MG;37403;Lagoa Dourada;12256;12769;513
RN;1701;Bom Jesus;9440;9952;512
CE;13955;Varjota;17593;18105;512
PA;7508;São João do Araguaia;13155;13664;509
MG;62906;São João Nepomuceno;25057;25565;508
GO;5521;Colinas do Sul;3523;4030;507
MG;27404;Gonçalves;4220;4727;507
SC;5100;Dona Emma;3715;4221;506
MG;23908;Entre Rios de Minas;14242;14746;504
PB;1203;Areial;6624;7128;504
MG;17801;Conceição dos Ouros;10377;10880;503
MT;359;Alto Boa Vista;5212;5715;503
RS;9605;Horizontina;18348;18851;503
SC;18400;Treze de Maio;6859;7362;503
PI;3206;Curimatá;10768;11270;502
MG;10905;Campanha;15433;15935;502
PI;2729;Cocal dos Alves;5885;6386;501
MG;8255;Bonito de Minas;9703;10204;501
BA;10206;Dom Macedo Costa;3907;4407;500
SP;30102;Mirandópolis;27483;27983;500
SP;23800;Itobi;7546;8046;500
PR;7306;Doutor Camargo;5828;6327;499
BA;25931;Quixabeira;8962;9461;499
MG;34301;Itumirim;6139;6638;499
PR;3370;Brasilândia do Sul;3209;3708;499
PR;16950;Nova Esperança do Sudoeste;5098;5597;499
MG;27008;Fronteira;14041;14540;499
MG;2050;Alto Caparaó;5297;5795;498
GO;5208;Caturaí;4686;5184;498
MS;1243;Aral Moreira;10251;10748;497
MA;1970;Boa Vista do Gurupi;7078;7574;496
MT;7800;Santo Antônio do Leverger;14751;15246;495
MS;2159;Bodoquena;8072;8567;495
PB;9396;Maturéia;5939;6433;494
MG;20870;Curral de Dentro;6913;7406;493
BA;26103;Retirolândia;13159;13651;492
CE;507;Alcântaras;10877;11369;492
GO;21007;Taquaral de Goiás;3534;4026;492
GO;4300;Caçu;13283;13774;491
MT;5903;Nobres;15002;15492;490
PI;4402;Gilbués;10402;10892;490
MG;56452;Rosário da Limeira;4247;4734;487
BA;25600;Presidente Dutra;14643;15130;487
RJ;951;Comendador Levy Gasparian;8254;8741;487
MG;65701;Senador Firmino;7230;7716;486
CE;13807;Uruburetama;19703;20189;486
SP;20442;Ilha Solteira;25064;25549;485
BA;207;Abaré;17155;17639;484
SC;16701;São José do Cedro;13684;14167;483
RN;3806;Florânia;9713;10196;483
GO;21809;Urutaí;3070;3553;483
MS;8008;Terenos;17169;17652;483
MG;55702;Rio Piracicaba;14149;14631;482
MG;5905;Barroso;19599;20080;481
GO;7402;Edéia;11266;11747;481
GO;1454;Aparecida do Rio Doce;2427;2907;480
CE;10001;Palhano;8866;9346;480
RS;15305;Quaraí;23021;23500;479
MA;3554;Conceição do Lago-Açu;14436;14915;479
MG;31000;Inhaúma;5760;6239;479
GO;6701;Damianópolis;3292;3770;478
SC;6702;Herval d'Oeste;21246;21724;478
SE;4300;Muribeca;7344;7822;478
PB;16706;Teixeira;14153;14631;478
MG;60900;São Brás do Suaçuí;3513;3989;476
SP;32702;Nipoã;4274;4750;476
CE;11504;Quixeré;20401;20874;473
CE;9458;Ocara;24020;24493;473
PB;7309;Jacaraú;14004;14477;473
BA;19306;Lençóis;10302;10774;472
RN;5603;Jardim de Piranhas;13506;13977;471
SP;47908;Santo Antônio da Alegria;6304;6775;471
PI;1960;Brasileira;7966;8436;470
ES;4807;São José do Calçado;10408;10878;470
MA;4651;Governador Newton Bello;10245;10713;468
MA;10609;São Bernardo;26476;26943;467
PA;4604;Mocajuba;26731;27198;467
GO;12204;Jussara;19153;19620;467
PI;5565;Lagoa do Barro do Piauí;4530;4995;465
PR;25357;São Jorge do Patrocínio;6041;6504;463
RJ;1850;Guapimirim;51233;51696;463
PI;1945;Boqueirão do Piauí;6083;6545;462
SP;1152;Alumínio;16839;17301;462
TO;1002;Ananás;9865;10325;460
GO;10562;Itaguari;4503;4963;460
RJ;2502;Magé;227667;228127;460
SP;9403;Cajuru;23371;23830;459
PB;16904;Uiraúna;14472;14930;458
PE;3926;Carnaubeira da Penha;11782;12239;457
PI;2653;Caxingó;5039;5496;457
SP;41802;Queiroz;2808;3265;457
SP;30904;Mombuca;3266;3722;456
MG;41306;Medeiros;3444;3900;456
MG;64472;São Sebastião do Anta;5739;6194;455
TO;8205;Formoso do Araguaia;18427;18881;454
SP;55000;Tupã;63476;63928;452
PB;2805;Brejo do Cruz;13163;13613;450
SP;11706;Charqueada;15085;15535;450
MT;6455;Planalto da Serra;2716;3166;450
PE;7802;Itaquitinga;16105;16554;449
SP;18503;Guareí;14565;15013;448
RS;8904;Getúlio Vargas;16154;16602;448
SP;7308;Boracéia;4268;4715;447
PB;12002;Pocinhos;17022;17469;447
GO;17203;Piranhas;11266;11712;446
SP;18206;Guararapes;30597;31043;446
RS;14456;Pinhal;2513;2959;446
MT;4559;Itaúba;4575;5020;445
CE;13104;Tabuleiro do Norte;30209;30652;443
MG;64308;São Roque de Minas;6686;7129;443
RN;1305;Campo Grande;9289;9730;441
PB;6004;Esperança;30792;31231;439
PR;26355;Serranópolis do Iguaçu;4568;5007;439
RS;23309;Vila Flores;3207;3646;439
MG;22355;Divisa Alegre;5884;6321;437
SE;3708;Macambira;6401;6838;437
MG;28303;Guaranésia;18714;19150;436
MG;42304;Moeda;4689;5125;436
MT;7883;Serra Nova Dourada;1365;1800;435
TO;17503;Pium;6694;7128;434
PE;9808;Orocó;13180;13613;433
MG;31109;Inimutaba;6939;7371;432
PA;5601;Peixe-Boi;7854;8285;431
MG;51701;Poço Fundo;15959;16390;431
MG;16001;Chalé;5645;6075;430
MG;68309;Taquaraçu de Minas;3794;4224;430
SP;19006;Herculândia;8696;9125;429
CE;8104;Mauriti;45132;45561;429
PE;11408;Primavera;13409;13838;429
RS;11775;Maquiné;6989;7418;429
PI;2133;Campo Grande do Piauí;5592;6020;428
MG;31158;Ipaba;16708;17136;428
TO;707;Alvorada;8374;8802;428
RN;6205;Lagoa d'Anta;6227;6654;427
SP;9106;Caiuá;5039;5466;427
MA;10708;São Domingos do Maranhão;33607;34034;427
SP;22653;Itapirapuã Paulista;3880;4306;426
PB;12754;Riachão do Bacamarte;4264;4690;426
SP;35002;Palestina;11051;11476;425
BA;8200;Conceição da Feira;20375;20800;425
MA;9106;Presidente Dutra;44731;45155;424
MG;45851;Oratórios;4493;4917;424
SP;19105;Iacanga;10013;10437;424
MG;32909;Itamogi;10349;10770;421
SP;7456;Borebi;2293;2713;420
RS;851;Arambaré;3693;4112;419
GO;2809;Avelinópolis;2450;2868;418
MS;4809;Japorã;7731;8148;417
AL;9103;Taquarana;18615;19032;417
SE;4607;Nossa Senhora das Dores;24580;24996;416
RS;5207;Cerro Largo;13289;13705;416
MG;68408;Tarumirim;14293;14709;416
CE;4236;Croatá;17066;17481;415
SP;5005;Barão de Antonina;3116;3531;415
PR;11407;Ivaí;12815;13229;414
PE;2506;Brejinho;7307;7720;413
RN;13102;Senador Elói de Souza;5553;5965;412
CE;3956;Chorozinho;19753;20163;410
BA;33455;Wanderley;12558;12968;410
CE;12809;Senador Sá;6852;7262;410
MG;67509;Simão Pereira;2537;2947;410
PB;3555;Cacimbas;6814;7223;409
MG;35357;Japonvar;7718;8127;409
RJ;6156;Varre-Sai;9798;10207;409
PE;4502;Chã Grande;20137;20546;409
SP;15608;Fernando Prestes;5534;5942;408
SC;9177;Jupiá;2148;2555;407
MS;8404;Vicentina;5929;6336;407
MA;4107;Fortaleza dos Nogueiras;12234;12640;406
TO;17909;Ponte Alta do Tocantins;7180;7586;406
ES;706;Atílio Vivácqua;10135;10540;405
PR;5607;Cidade Gaúcha;11062;11467;405
RJ;225;Areal;11423;11828;405
MG;58904;Santana do Manhuaçu;8582;8987;405
BA;22730;Nova Fátima;7563;7967;404
GO;19100;Santa Bárbara de Goiás;5746;6149;403
RJ;4508;Rio das Flores;8552;8954;402
SC;14904;Rio Fortuna;4446;4847;401
SC;556;Águas Frias;2439;2839;400
SP;6805;Bocaina;10859;11259;400
TO;18840;Sandolândia;3326;3723;397
CE;8609;Monsenhor Tabosa;16753;17149;396
MA;7456;Olinda Nova do Maranhão;13181;13577;396
PR;15002;Marilena;6858;7253;395
MG;27388;Goianá;3659;4053;394
SP;52007;Silveiras;5792;6186;394
MT;7198;Ribeirãozinho;2199;2593;394
MG;23528;Durandé;7423;7817;394
ES;4708;São Gabriel da Palha;31859;32252;393
MG;30606;Inconfidentes;6908;7301;393
PI;7900;Pedro II;37502;37894;392
RS;2204;Boa Vista do Buricá;6574;6966;392
PB;8208;Lagoa de Dentro;7428;7819;391
PR;8908;Guairaçá;6197;6587;390
BA;22052;Mulungu do Morro;12763;13152;389
MG;38807;Luz;17486;17875;389
RS;3558;Camargo;2592;2981;389
MG;26406;Fortuna de Minas;2705;3093;388
RN;7252;Major Sales;3536;3924;388
SP;9452;Campina do Monte Alegre;5567;5954;387
MG;52105;Ponte Nova;57390;57776;386
MG;13206;Carandaí;23427;23812;385
SC;5175;Entre Rios;3018;3402;384
MA;1103;Axixá;11407;11790;383
PB;14453;São José dos Ramos;5508;5891;383
PR;4105;Campo do Tenente;7125;7508;383
RS;14001;Paraí;6812;7194;382
AP;709;Tartarugalzinho;12563;12945;382
SP;35408;Panorama;14583;14964;381
PI;3354;Dirceu Arcoverde;6675;7054;379
RN;14100;Tenente Ananias;9883;10262;379
MG;56601;Rubim;9919;10298;379
MG;50406;Piedade dos Gerais;4640;5019;379
PR;1150;Ângulo;2859;3235;376
MT;3361;Conquista D'Oeste;3385;3760;375
ES;5036;Vargem Alta;19188;19563;375
SC;1109;Anitápolis;3218;3593;375
SP;30409;Mirassolândia;4295;4669;374
SP;17901;Guaraci;9976;10350;374
GO;4607;Campestre de Goiás;3382;3755;373
SP;22000;Itaju;3246;3618;372
MA;3802;Dom Pedro;22681;23053;372
MS;708;Anastácio;23744;24114;370
AL;607;Barra de São Miguel;7574;7944;370
MG;35902;Jesuânia;4768;5138;370
TO;9005;Goiatins;12064;12433;369
RJ;5133;São José de Ubá;6702;7070;368
CE;150;Acarape;13661;14027;366
SP;41703;Quatá;12799;13163;364
MG;22603;Dom Joaquim;4535;4899;364
GO;19001;Sanclerlândia;7554;7918;364
RS;5871;Coronel Barros;2459;2822;363
MG;69000;Tocantins;15823;16185;362
GO;803;Alvorada do Norte;8084;8446;362
BA;23035;Novo Horizonte;10801;11162;361
PI;4659;Ilha Grande;8914;9274;360
RN;4853;Itajá;6932;7292;360
PB;2052;Bernardino Batista;3145;3504;359
SP;43006;Ribeirão Branco;18269;18627;358
RJ;1157;Cardoso Moreira;12600;12958;358
SP;19808;Icém;7462;7819;357
BA;29370;São José do Jacuípe;9830;10187;357
SP;57154;Zacarias;2335;2692;357
SP;34609;Osvaldo Cruz;30917;31272;355
SP;18859;Guatapará;6966;7320;354
MG;36603;Nova União;5555;5909;354
TO;3073;Barra do Ouro;4123;4476;353
RS;18481;São José do Hortêncio;4094;4447;353
SP;42107;Rafard;8612;8965;353
RJ;1504;Cordeiro;20430;20783;353
MG;52600;Pouso Alto;6213;6566;353
SC;11603;Nova Veneza;13312;13664;352
PR;19202;Pinhalão;6215;6566;351
TO;18808;Sampaio;3864;4215;351
MT;7792;Santo Antônio do Leste;3748;4099;351
SE;1504;Carmópolis;13503;13853;350
SP;9809;Campos Novos Paulista;4539;4888;349
SP;34203;Orindiúva;5675;6024;349
RN;6304;Lagoa de Pedras;6989;7338;349
MA;9270;Presidente Sarney;17165;17511;346
TO;20150;São Félix do Tocantins;1437;1783;346
SC;13005;Pinheiro Preto;3127;3473;346
AL;6422;Pariconha;10227;10573;346
RS;5439;Chuí;5917;6262;345
SC;4707;Cunha Porã;10609;10953;344
AM;1308;Codajás;23206;23549;343
CE;10951;Pires Ferreira;10263;10606;343
MA;501;Alto Parnaíba;10766;11109;343
MG;19955;Córrego Fundo;5790;6133;343
MG;7208;Bocaina de Minas;5007;5348;341
PB;8802;Malta;5706;6046;340
PB;775;Aparecida;7620;7960;340
SP;42503;Reginópolis;7323;7662;339
PB;536;Alcantil;5239;5578;339
GO;19704;Santa Terezinha de Goiás;10306;10645;339
MG;63102;São José da Varginha;4198;4536;338
PR;21505;Rebouças;14176;14514;338
MG;37536;Lagoa Grande;8631;8969;338
PB;7606;Juarez Távora;7459;7796;337
MG;68705;Timóteo;81243;81579;336
PB;9107;Mari;21176;21512;336
PB;3902;Camalaú;5749;6085;336
MG;10103;Caiana;4968;5304;336
SP;43105;Ribeirão Corrente;4273;4608;335
RS;21857;Três Palmeiras;4381;4716;335
SP;7704;Braúna;5021;5356;335
TO;21257;Tupirama;1574;1909;335
MG;55801;Rio Pomba;17110;17443;333
MG;28253;Guaraciama;4718;5051;333
MA;8801;Pirapemas;17381;17714;333
PI;1919;Bom Princípio do Piauí;5304;5636;332
BA;10107;Dom Basílio;11553;11884;331
PR;17206;Nova Olímpia;5503;5833;330
RS;20859;Tabaí;4131;4461;330
PI;10631;Sebastião Leal;4116;4446;330
BA;33406;Wagner;9173;9503;330
PR;3909;Campina da Lagoa;15394;15723;329
RN;11601;São Bento do Norte;2975;3304;329
GO;6503;Cromínia;3555;3883;328
RN;1206;Arês;12924;13251;327
RN;12401;São José do Seridó;4231;4558;327
MG;50505;Pimenta;8236;8563;327
RS;646;Ametista do Sul;7323;7650;327
BA;6303;Canavieiras;32357;32683;326
AL;8105;Santana do Mundaú;10997;11323;326
PB;15401;São Vicente do Seridó;9966;10291;325
MG;6903;Bicas;13653;13978;325
PR;7736;Fernandes Pinheiro;5932;6255;323
PI;7108;Olho D'Água do Piauí;2314;2637;323
TO;6001;Couto Magalhães;5009;5331;322
RN;10900;Riachuelo;7067;7389;322
MG;15458;Catuji;6708;7030;322
RS;18614;São José do Sul;2058;2380;322
SP;32306;Natividade da Serra;6678;6999;321
SP;12704;Corumbataí;3874;4195;321
ES;3106;Jerônimo Monteiro;11255;11575;320
PA;4950;Nova Esperança do Piriá;20158;20478;320
PI;6803;Nossa Senhora dos Remédios;8206;8525;319
RS;13953;Pantano Grande;9895;10212;317
MG;54200;Resende Costa;10913;11230;317
SE;7303;Telha;2957;3274;317
PB;12101;Pombal;32157;32473;316
MG;64431;São Sebastião da Vargem Alegre;2798;3113;315
GO;14408;Nazário;7874;8189;315
PE;3504;Camocim de São Félix;17104;17419;315
PR;17057;Nova Laranjeiras;11759;12074;315
PI;6605;Monte Alegre do Piauí;10345;10660;315
MS;5251;Laguna Carapã;6486;6799;313
PI;1556;Bela Vista do Piauí;3778;4091;313
GO;8152;Gameleira de Goiás;3143;3456;313
PB;8406;Lastro;2850;3162;312
SP;36570;Paulistânia;1779;2090;311
TO;13700;Monte Santo do Tocantins;2085;2396;311
MG;1102;Aimorés;24959;25269;310
RS;13011;Nova Candelária;2751;3061;310
MG;70503;Urucânia;10291;10600;309
PI;707;Anísio de Abreu;9098;9407;309
SE;6404;Santana do São Francisco;7038;7346;308
MG;57278;Santa Bárbara do Monte Verde;2788;3095;307
RS;12476;Morro Reuter;5722;6029;307
SP;30003;Mira Estrela;2820;3126;306
PI;2737;Coivaras;3811;4117;306
SP;21309;Ipuã;14148;14454;306
SP;49706;São José do Rio Pardo;51900;52205;305
PE;4601;Condado;24282;24587;305
RS;23770;Westfália;2793;3098;305
MG;34509;Itutinga;3913;4217;304
MG;807;Aguanil;4054;4357;303
SP;8207;Buritizal;4053;4356;303
RN;15008;Vila Flor;2872;3174;302
SP;27009;Lindóia;6712;7014;302
SP;28205;Macedônia;3664;3963;299
BA;13408;Igaporã;15229;15527;298
SC;6405;Guaraciaba;10498;10796;298
PR;17297;Novo Itacolomi;2827;3125;298
PI;4352;Geminiano;5148;5445;297
SP;2002;Analândia;4293;4589;296
SC;13153;Planalto Alegre;2650;2946;296
GO;15900;Palminópolis;3556;3851;295
RJ;5703;Sumidouro;14911;15206;295
MG;53004;Pratinha;3265;3559;294
PI;5458;Joca Marques;5100;5394;294
MG;50604;Piracema;6406;6700;294
RS;13490;Novo Barreiro;3978;4272;294
AP;55;Serra do Navio;4380;4673;293
PR;25209;São Jorge d'Oeste;9085;9378;293
SC;101;Abelardo Luz;17100;17392;292
MG;55306;Rio Manso;5276;5568;292
BA;4001;Boninal;13330;13622;292
RN;8953;Rio do Fogo;10059;10351;292
PR;26504;Sertanópolis;15638;15930;292
CE;11264;Quiterianópolis;19921;20213;292
RS;2659;Brochier;4675;4966;291
CE;2909;Capistrano;16963;17254;291
SP;3406;Arealva;7841;8130;289
MG;48202;Patrocínio do Muriaé;5287;5576;289
PA;3408;Inhangapi;10037;10325;288
MG;39102;Madre de Deus de Minas;4904;5191;287
RN;11908;São Francisco do Oeste;3874;4161;287
MG;50539;Pingo-d'Água;4420;4706;286
MG;8305;Borda da Mata;17118;17404;286
RS;4697;Capitão;2636;2921;285
TO;3057;Bandeirantes do Tocantins;3122;3407;285
MG;71709;Virgínia;8623;8908;285
SP;2408;Anhumas;3738;4023;285
PI;2059;Cabeceiras do Piauí;9928;10212;284
PB;11707;Pilõezinhos;5046;5329;283
SC;18756;Tunápolis;4633;4916;283
PI;5540;Lagoinha do Piauí;2656;2939;283
SP;16853;Gavião Peixoto;4419;4702;283
SC;7403;Imbuia;5699;5982;283
MG;15904;Chácara;2792;3075;283
RN;13003;São Vicente;6028;6310;282
PE;6101;Glória do Goitá;29065;29347;282
BA;16708;Itaquara;7871;8153;282
MT;5309;Luciara;2227;2509;282
PI;2802;Conceição do Canindé;4650;4932;282
MG;7505;Bom Jardim de Minas;6501;6783;282
PB;9339;Matinhas;4290;4571;281
RN;10207;Portalegre;7320;7601;281
BA;32705;Uruçuca;21140;21420;280
PR;16307;Munhoz de Melo;3672;3951;279
SP;35606;Paraibuna;17388;17667;279
MA;8504;Pindaré-Mirim;31152;31429;277
RS;16956;Santa Maria do Herval;6063;6340;277
MG;69802;Turvolândia;4658;4935;277
PB;6806;Ingá;17415;17692;277
CE;5332;Ibicuitinga;11335;11611;276
MG;47709;Passa Tempo;8197;8473;276
RS;19752;São Vendelino;1975;2251;276
SP;46207;Santa Cruz da Conceição;4002;4277;275
PR;20333;Prado Ferreira;3434;3709;275
RN;4705;Ipanguaçu;13856;14131;275
GO;18391;Professor Jamil;3375;3649;274
SP;20301;Iguape;28841;29115;274
PR;17214;Nova Santa Bárbara;3912;4184;272
PR;13908;Mallet;13156;13428;272
PI;459;Alvorada do Gurguéia;5050;5322;272
PE;5152;Dormentes;16917;17188;271
SP;6409;Bilac;7048;7319;271
ES;169;Água Doce do Norte;11771;12042;271
PE;2704;Buenos Aires;12537;12808;271
TO;3305;Bom Jesus do Tocantins;3768;4038;270
SC;8609;Jaborá;4041;4310;269
PE;7109;Ingazeira;4496;4765;269
SP;3000;Aramina;5152;5420;268
GO;7352;Edealina;3733;4001;268
ES;3163;Laranja da Terra;10826;11094;268
PI;6001;Marcos Parente;4456;4724;268
PR;24004;Santana do Itararé;5249;5514;265
SP;20608;Indiana;4825;5090;265
GO;19902;São Francisco de Goiás;6114;6378;264
TO;12504;Marianópolis do Tocantins;4352;4615;263
SP;45407;Salto Grande;8787;9050;263
SP;39004;Pirangi;10623;10885;262
CE;804;Antonina do Norte;6984;7245;261
MG;24906;Eugenópolis;10540;10801;261
MT;1308;Arenápolis;10316;10576;260
SC;14508;Rio do Campo;6192;6452;260
PB;12788;Riacho de Santo Antônio;1696;1955;259
TO;19004;Santa Tereza do Tocantins;2523;2781;258
SP;25854;Jumirim;2798;3056;258
SC;11454;Nova Itaberaba;4278;4536;258
MG;17603;Conceição do Pará;5158;5415;257
RS;15354;Quinze de Novembro;3653;3910;257
ES;1704;Conceição do Castelo;11681;11937;256
GO;9937;Inaciolândia;5699;5954;255
SC;18350;Treviso;3527;3782;255
MA;5658;Junco do Maranhão;4891;5146;255
MG;54705;Ribeirão Vermelho;3826;4080;254
PB;12804;Riacho dos Cavalos;8239;8493;254
MG;21001;Datas;5211;5465;254
SC;3501;Campo Erê;9370;9623;253
MG;65602;Senador Cortes;1988;2240;252
MG;71006;Vazante;19723;19975;252
RN;1404;Baía Formosa;8573;8825;252
BA;8606;Conde;23403;23654;251
RO;1492;São Francisco do Guaporé;16035;16286;251
TO;3867;Cariri do Tocantins;3756;4007;251
SC;2537;Bom Jesus;2526;2777;251
AL;5408;Monteirópolis;6934;7184;250
PI;2554;Caridade do Piauí;4783;5033;250
SC;1653;Arvoredo;2260;2510;250
MG;68051;Taparuba;3137;3387;250
MG;65206;São Tomé das Letras;6655;6904;249
PI;5557;Lagoa Alegre;8008;8256;248
PE;12455;Santa Cruz;13594;13841;247
TO;3909;Caseara;4601;4847;246
PB;4702;Congo;4687;4933;246
PR;608;Alto Paraná;13663;13909;246
MG;57336;Santa Cruz de Minas;7865;8109;244
RS;16972;Santa Margarida do Sul;2352;2596;244
MA;2804;Carolina;23818;24062;244
SP;13603;Cunha;21866;22110;244
PR;5003;Catanduvas;10202;10446;244
PB;3100;Cabaceiras;5092;5335;243
PI;1705;Bertolínia;5319;5562;243
SP;26308;Lagoinha;4841;5083;242
CE;6009;Iracema;13760;14001;241
PB;13406;Santa Luzia;14719;14959;240
MG;44375;Natalândia;3280;3520;240
MT;6703;Ponte Branca;1768;2008;240
CE;5308;Ibiapina;23726;23965;239
ES;5150;Vila Pavão;8672;8911;239
SP;33007;Nova Granada;19180;19419;239
MA;105;Afonso Cunha;5905;6144;239
AL;4104;Lagoa da Canoa;18219;18457;238
RJ;5752;Tanguá;30848;31086;238
PR;19400;Piraí do Sul;23413;23651;238
SC;2081;Bandeirante;2906;3144;238
MG;48905;Pedra do Indaiá;3875;4112;237
BA;29750;Saubara;11201;11438;237
BA;33158;Várzea Nova;13141;13377;236
PB;1708;Barra de São Miguel;5671;5906;235
PE;2407;Brejão;8844;9079;235
PR;24608;São Carlos do Ivaí;6354;6587;233
BA;13309;Ichu;5957;6190;233
MG;40407;Marmelópolis;2968;3200;232
RS;19356;São Pedro da Serra;3316;3548;232
SP;40002;Pompéia;19964;20196;232
PR;19657;Pitangueiras;2814;3046;232
PR;18600;Paula Freitas;5434;5666;232
SP;37701;Piacatu;5287;5519;232
MG;60009;Santo Antônio do Aventureiro;3538;3769;231
PB;7705;Juazeirinho;16776;17007;231
SP;43204;Ribeirão do Sul;4446;4677;231
PI;3255;Curralinhos;4183;4413;230
PB;10709;Passagem;2233;2463;230
RS;1875;Barra do Quaraí;4012;4241;229
SP;36901;Pedranópolis;2558;2787;229
MS;3504;Douradina;5349;5578;229
MG;25200;Fama;2350;2578;228
CE;5654;Ipaporanga;11347;11575;228
MA;11102;São João dos Patos;24793;25020;227
BA;22805;Nova Itarana;7554;7780;226
MG;59357;Santa Rita de Minas;6547;6773;226
MS;3157;Coronel Sapucaia;14064;14289;225
SC;2438;Bocaina do Sul;3290;3515;225
MG;44508;Nazareno;7954;8179;225
RS;11700;Machadinho;5510;5735;225
MG;34103;Itueta;5830;6055;225
PR;8007;Florestópolis;11222;11446;224
MT;8956;Nova Monte Verde;8089;8313;224
BA;21104;Medeiros Neto;21971;22194;223
MA;11763;Senador La Rocque;14479;14700;221
PR;13809;Lupionópolis;4592;4813;221
SP;10104;Cândido Rodrigues;2668;2889;221
SP;25607;João Ramalho;4150;4371;221
MS;3306;Coxim;31930;32151;221
RS;6932;Entre-Ijuís;8938;9158;220
CE;6207;Itaiçaba;7316;7536;220
RN;9209;Passagem;2895;3115;220
GO;20157;São Luiz do Norte;4617;4837;220
PB;5006;Cubati;7361;7580;219
RN;2501;Carnaubais;9495;9714;219
SC;5191;Ermo;2050;2269;219
MG;60959;São Domingos das Dores;5408;5626;218
PB;700;São João do Rio do Peixe;17746;17964;218
MG;66303;Sericita;7128;7345;217
PI;2711;Cocal de Telha;4694;4911;217
SP;35903;Paranapuã;3815;4031;216
PR;26702;Tamboara;4664;4880;216
PI;5854;Madeiro;7816;8032;216
TO;13957;Muricilândia;3152;3367;215
CE;1208;Aracoiaba;25338;25553;215
SC;16255;São João do Oeste;6080;6295;215
RN;8508;Ouro Branco;4699;4913;214
MS;7703;Sete Quedas;10780;10994;214
RS;802;Antônio Prado;12831;13045;214
RS;14423;Picada Café;5138;5351;213
SP;46009;Santa Branca;13763;13975;212
RS;18903;São Luiz Gonzaga;34540;34752;212
SC;9458;Lajeado Grande;1490;1702;212
PI;10706;Simões;14138;14350;212
RS;12674;Nicolau Vergueiro;1721;1932;211
MG;71154;Vermelho Novo;4689;4899;210
RN;3707;Felipe Guerra;5734;5944;210
PI;3750;Fartura do Piauí;5074;5284;210
RS;16477;Salvador das Missões;2669;2877;208
SC;7205;Imaruí;11673;11881;208
MA;6102;Loreto;11390;11597;207
PE;5301;Exu;31636;31843;207
TO;15101;Novo Acordo;3762;3969;207
SC;14151;Princesa;2758;2964;206
PI;2406;Capitão de Campos;10894;11100;206
RS;18499;São José do Inhacorá;2200;2406;206
GO;4003;Cabeceiras;7354;7560;206
PI;1739;Betânia do Piauí;6015;6220;205
GO;5802;Corumbá de Goiás;10357;10562;205
SC;4400;Coronel Freitas;10184;10388;204
RN;14902;Viçosa;1618;1822;204
CE;8807;Moraújo;8050;8254;204
TO;16208;Paranã;10338;10542;204
SC;4103;Caxambu do Sul;4411;4614;203
SP;35705;Paraíso;5898;6099;201
PR;13601;Lobato;4401;4601;200
PI;954;Aroeiras do Itaim;2490;2690;200
MG;65800;Senador José Bento;1868;2068;200
BA;4209;Botuporã;10824;11024;200
SC;1257;Apiúna;9611;9811;200
MT;7776;Santa Terezinha;7397;7596;199
ES;2009;Dores do Rio Preto;6397;6596;199
PI;11506;Vera Mendes;2986;3185;199
MG;2001;Alterosa;13717;13915;198
SP;47650;Santa Salete;1447;1645;198
SP;48302;Santo Expedito;2803;3000;197
SP;39905;Poloni;5395;5592;197
PB;7200;Itatuba;10302;10499;197
RS;19372;São Pedro do Butiá;2873;3070;197
BA;25402;Potiraguá;10077;10274;197
SC;5001;Dionísio Cerqueira;14811;15008;197
PI;10953;Tamboril do Piauí;2753;2949;196
SC;17105;São Martinho;3209;3405;196
SP;44103;Rio Grande da Serra;43974;44170;196
SC;5357;Flor do Sertão;1588;1783;195
PB;16102;Soledade;13774;13968;194
SC;10035;Luzerna;5600;5794;194
RS;13037;Nova Esperança do Sul;4671;4865;194
SP;22158;Itaoca;3228;3422;194
MA;1939;Bernardo do Mearim;5647;5840;193
BA;2005;Aracatu;13743;13936;193
ES;136;Águia Branca;9519;9711;192
PI;8650;Queimada Nova;8546;8738;192
RS;23408;Vila Maria;4221;4413;192
GO;5307;Cavalcante;9392;9583;191
RS;59;Água Santa;3722;3912;190
SP;47403;Santa Rita d'Oeste;2543;2733;190
MG;64902;São Sebastião do Rio Verde;2110;2300;190
GO;19258;Santa Fé de Goiás;4762;4951;189
PB;13927;São Bentinho;4138;4327;189
SE;2601;Gracho Cardoso;5645;5834;189
SE;6503;Santa Rosa de Lima;3749;3937;188
MG;66204;Senhora dos Remédios;10196;10384;188
SC;12056;Palmeira;2373;2561;188
SC;12239;Paraíso;4080;4267;187
GO;12600;Mairipotaba;2374;2561;187
GO;3807;Britânia;5509;5695;186
SC;15695;Santiago do Sul;1465;1651;186
MG;49507;Pequeri;3165;3351;186
PI;6506;Monsenhor Hipólito;7391;7577;186
MG;48608;Peçanha;17260;17446;186
MA;4008;Esperantinópolis;18126;18311;185
PI;1101;Avelino Lopes;10681;10866;185
MG;19708;Coronel Xavier Chaves;3301;3486;185
PB;15005;São Miguel de Taipu;6881;7066;185
SP;4701;Balbinos;3702;3887;185
SC;1273;Arabutã;4193;4378;185
TO;251;Abreulândia;2391;2576;185
GO;14879;Nova Iguaçu de Goiás;2826;3010;184
PR;3156;Bom Jesus do Sul;3796;3980;184
SP;48104;Santo Antônio do Jardim;5943;6126;183
MG;62302;São João da Mata;2731;2914;183
SC;4194;Chapadão do Lageado;2767;2950;183
PR;3479;Cafezal do Sul;4290;4473;183
AL;1209;Cacimbinhas;10300;10482;182
SC;2206;Benedito Novo;10338;10520;182
RS;570;Alto Feliz;2891;3072;181
MA;10906;São Francisco do Maranhão;11883;12064;181
SP;27405;Lucélia;19882;20061;179
MG;42601;Monsenhor Paulo;8161;8340;179
RN;703;Alto do Rodrigues;12305;12484;179
RS;20305;Selbach;4929;5107;178
PB;16151;Sossêgo;3169;3345;176
SC;18251;Timbó Grande;7167;7342;175
RN;6809;Lajes Pintadas;4612;4787;175
MG;56205;Rochedo de Minas;2116;2291;175
SC;18954;Urupema;2482;2656;174
MG;9451;Cabeceira Grande;6453;6627;174
MT;6802;Porto dos Gaúchos;5420;5593;173
GO;11008;Itapirapuã;7835;8007;172
GO;3939;Buriti de Goiás;2560;2732;172
SE;3401;Japoatã;13236;13407;171
PR;25902;São Pedro do Paraná;2491;2661;170
MG;39706;Maravilhas;7163;7333;170
RN;11429;Santana do Seridó;2526;2696;170
PI;9658;São Francisco de Assis do Piauí;5402;5572;170
SP;41653;Quadra;3236;3405;169
TO;18709;Rio dos Bois;2570;2738;168
PI;6100;Matias Olímpio;10473;10641;168
SP;33700;Ocauçu;4163;4331;168
MG;18205;Conquista;6526;6694;168
BA;28307;Santanópolis;8549;8716;167
TO;4600;Chapada de Areia;1335;1501;166
MG;62252;São João da Lagoa;4656;4822;166
MG;17836;Cônego Marinho;7071;7237;166
SP;10906;Cássia dos Coqueiros;2634;2799;165
SP;1806;Américo de Campos;5706;5870;164
MG;38708;Luminárias;5422;5586;164
MG;20508;Cristina;10210;10374;164
SC;11876;Paial;1763;1927;164
PB;17100;Várzea;2504;2668;164
SP;46256;Santa Cruz da Esperança;1953;2116;163
MG;6002;Bela Vista de Minas;10004;10167;163
RS;5306;Chapada;9377;9540;163
SP;12506;Coroados;5238;5400;162
MG;29400;Ibertioga;5036;5198;162
AM;201;Atalaia do Norte;15153;15314;161
MG;63607;São José do Mantimento;2592;2753;161
MG;21308;Descoberto;4768;4928;160
BA;18902;Lajedão;3685;3845;160
MG;13800;Carmésia;2446;2605;159
SP;24303;Jaboticabal;71662;71821;159
SP;31605;Monte Castelo;4063;4222;159
SP;10203;Capão Bonito;46178;46337;159
SP;1400;Álvaro de Carvalho;4650;4808;158
MG;59704;Santa Rosa da Serra;3224;3382;158
RN;6155;Jundiá;3582;3739;157
PR;27965;Turvo;14074;14231;157
PB;2151;Boa Vista;6221;6377;156
RO;262;Rio Crespo;3316;3471;155
PI;8502;Porto;11897;12052;155
PI;608;Angical do Piauí;6672;6827;155
RS;14753;Poço das Antas;2017;2171;154
MG;47808;Passa Vinte;2079;2233;154
RS;21329;Taquaruçu do Sul;2966;3119;153
PB;16755;Tenório;2813;2966;153
PB;17407;Zabelê;2075;2228;153
PR;9906;Icaraíma;8839;8991;152
PR;9757;Ibema;6066;6218;152
PR;23709;Santa Isabel do Ivaí;8760;8912;152
BA;8804;Contendas do Sincorá;4181;4333;152
MG;67400;Silvianópolis;6027;6179;152
MG;52303;Porto Firme;10417;10569;152
MG;2704;Cachoeira de Pajeú;8959;9110;151
RN;2303;Caraúbas;19576;19727;151
PB;7804;Junco do Seridó;6643;6793;150
MG;4304;Areado;13731;13881;150
GO;20280;São Patrício;1993;2143;150
PI;3230;Currais;4704;4854;150
MA;6508;Matinha;21885;22034;149
PB;734;Amparo;2085;2234;149
PR;10409;Indianópolis;4299;4448;149
PB;15708;Serra Grande;2794;2942;148
RS;11981;Mariana Pimentel;3768;3916;148
SC;19358;Vitor Meireles;5222;5370;148
PB;15104;São Sebastião de Lagoa de Roça;10893;11040;147
BA;31905;Tucano;48589;48736;147
RJ;2452;Macuco;5269;5415;146
RN;3509;Espírito Santo;10475;10620;145
PB;13943;São Domingos do Cariri;2441;2585;144
MG;60108;Santo Antônio do Grama;4085;4229;144
RS;21006;Tapera;10448;10592;144
BA;29255;São Gabriel;18456;18600;144
RS;15750;Riozinho;4330;4473;143
MG;62575;São João do Manteninha;5188;5331;143
RS;15800;Roca Sales;10275;10418;143
SP;9254;Cajati;28372;28515;143
PI;1176;Barra D'Alcântara;3852;3995;143
PI;11357;Várzea Branca;4913;5055;142
BA;5305;Cafarnaum;17324;17466;142
MG;9253;Bugre;3900;4041;141
RN;13201;Senador Georgino Avelino;3924;4065;141
BA;2302;Aratuípe;8536;8677;141
RS;11270;Lagoa dos Três Cantos;1598;1738;140
ES;2256;Governador Lindenberg;10869;11009;140
MA;2036;Bom Jesus das Selvas;28459;28599;140
MG;7703;Bom Jesus do Amparo;5491;5631;140
PI;1572;Belém do Piauí;3284;3423;139
SP;49300;São João do Pau d'Alho;2103;2242;139
SP;54755;Trabiju;1544;1682;138
SC;7577;Iomerê;2739;2877;138
PA;7961;Terra Alta;10262;10400;138
BA;7400;Catolândia;3297;3434;137
MG;63201;São José do Alegre;3996;4133;137
MG;54309;Resplendor;17089;17226;137
BA;33059;Várzea da Roça;13663;13800;137
SP;55901;Uru;1251;1387;136
MG;60801;São Bento Abade;4577;4713;136
PR;19251;Pinhal de São Bento;2625;2761;136
MA;7258;Nova Colinas;4885;5021;136
GO;12253;Lagoa Santa;1254;1390;136
SC;18905;Urubici;10699;10834;135
PA;5635;Piçarra;12697;12832;135
MA;5989;Lajeado Novo;6923;7057;134
RN;505;Alexandria;13507;13640;133
PR;20903;Quedas do Iguaçu;30605;30738;133
RS;16501;Salvador do Sul;6747;6879;132
PR;11100;Itambé;5979;6111;132
RS;11304;Lagoa Vermelha;27527;27659;132
SP;20707;Indiaporã;3903;4035;132
TO;14302;Nazaré;4390;4521;131
PB;11400;Picuí;18202;18333;131
PR;12306;Japira;4841;4972;131
RS;1958;Barra Funda;2367;2498;131
MG;67301;Silveirânia;2192;2323;131
PB;5501;Vista Serrana;3511;3641;130
PA;3044;Floresta do Araguaia;17768;17898;130
MA;10278;Santo Amaro do Maranhão;13820;13949;129
BA;11303;Gentio do Ouro;10755;10884;129
MG;59506;Santa Rita do Itueto;5697;5826;129
PB;14701;São José do Sabugi;4010;4138;128
RS;11734;Mampituba;3003;3131;128
MG;46503;Pains;8014;8142;128
RS;1404;Arvorezinha;10194;10322;128
TO;15507;Oliveira de Fátima;1037;1164;127
PR;25456;São José das Palmeiras;3830;3957;127
BA;18704;Lafaiete Coutinho;3950;4075;125
SP;47106;Santa Mercedes;2831;2956;125
SP;21705;Itaberá;17858;17983;125
BA;22201;Muniz Ferreira;7065;7190;125
SC;12403;Pedras Grandes;4120;4245;125
SC;14409;Rio das Antas;6129;6253;124
MT;3304;Comodoro;18114;18238;124
SE;3807;Malhada dos Bois;3456;3579;123
PI;7793;Pau D'Arco do Piauí;3757;3880;123
RS;13359;Nova Roma do Sul;3343;3466;123
SP;27504;Lucianópolis;2249;2372;123
PR;12959;Juranda;7649;7771;122
MG;25002;Ewbank da Câmara;3753;3875;122
PI;9757;São Gonçalo do Gurguéia;2825;2947;122
PR;7546;Espigão Alto do Iguaçu;4677;4797;120
SC;11256;Morro Grande;2890;3010;120
BA;28059;Santa Luzia;13776;13896;120
SP;3356;Arco-Íris;1925;2044;119
RS;4101;Campos Borges;3494;3613;119
RN;13557;Serrinha dos Pintos;4540;4659;119
SC;15307;Salete;7370;7489;119
PB;12705;Remígio;17766;17885;119
RS;14464;Pinhal da Serra;2130;2248;118
MG;45455;Olhos-d'Água;5267;5385;118
BA;11006;Floresta Azul;10941;11059;118
SP;56800;Viradouro;17297;17414;117
ES;359;Alto Rio Novo;7317;7434;117
PB;3803;Caldas Brandão;5637;5753;116
SE;6909;São Francisco;3127;3243;116
MG;16407;Claraval;4542;4658;116
PI;10508;São Pedro do Piauí;13639;13755;116
CE;7403;Jucás;23807;23922;115
PI;2752;Colônia do Gurguéia;6036;6150;114
RS;11429;Lajeado do Bugre;2487;2601;114
RS;14548;Pinto Bandeira;2609;2723;114
PI;806;Antônio Almeida;3039;3152;113
PI;4709;Inhuma;14845;14958;113
PE;6309;Granito;6855;6967;112
MG;53301;Presidente Kubitschek;2959;3071;112
SP;14205;Dolcinópolis;2096;2207;111
SP;16002;Flórida Paulista;12848;12958;110
CE;9409;Novo Oriente;27435;27545;110
PR;8106;Flórida;2543;2652;109
PR;20358;Pranchita;5628;5737;109
RS;20354;Sentinela do Sul;5198;5306;108
GO;11701;Jandaia;6164;6272;108
SE;2502;General Maynard;2929;3037;108
SC;903;Angelina;5250;5358;108
PR;22602;Rondon;8989;9097;108
PI;5300;Jerumenha;4390;4497;107
BA;20304;Malhada de Pedras;8563;8670;107
PI;2505;Caracol;10212;10318;106
PI;2539;Caraúbas do Piauí;5525;5630;105
PR;16000;Miraselva;1862;1966;104
MS;7976;Taquarussu;3522;3625;103
PR;15309;Mariópolis;6268;6371;103
SC;19101;Vargeão;3532;3634;102
MG;35001;Jaguaraçu;2990;3092;102
RS;17756;Santo Antônio do Planalto;1987;2089;102
MA;9551;Ribamar Fiquene;7318;7420;102
SP;7209;Borá;805;907;102
RN;6106;Jucurutu;17692;17793;101
RS;4671;Capivari do Sul;3890;3991;101
MG;14600;Carrancas;3948;4049;101
MG;22801;Dom Viçoso;2994;3095;101
GO;13855;Morro Agudo de Goiás;2356;2456;100
PI;509;Amarante;17135;17234;99
GO;21304;Três Ranchos;2822;2921;99
SE;704;Brejo Grande;7742;7841;99
SP;51306;Sebastianópolis do Sul;3031;3130;99
PB;502;Alagoinha;13627;13725;98
GO;1702;Aragarças;18292;18390;98
SC;5159;Doutor Pedrinho;3539;3637;98
SP;57204;Chavantes;12114;12211;97
RN;9506;Pedra Grande;3521;3618;97
BA;1304;Andaraí;12983;13080;97
MG;25952;Fervedouro;10349;10445;96
PI;2455;Capitão Gervásio Oliveira;3878;3974;96
PR;15507;Marumbi;4603;4699;96
TO;12454;Luzinópolis;2622;2717;95
PR;8205;Formosa do Oeste;7541;7635;94
SP;15657;Fernão;1563;1656;93
PI;4808;Ipiranga do Piauí;9327;9420;93
MT;8204;Torixoréu;4071;4164;93
MG;14006;Carmo da Mata;10927;11019;92
MG;22900;Dona Euzébia;6001;6093;92
PR;27957;Tupãssi;7985;8077;92
MG;3603;Arantina;2823;2915;92
CE;7205;Jati;7769;7861;92
PI;10409;São Miguel do Tapuio;17463;17554;91
RN;11809;São Fernando;3401;3492;91
TO;18899;Santa Rita do Tocantins;2128;2219;91
CE;2057;Barroquinha;14476;14567;91
SC;3105;Caibi;6214;6304;90
PI;3271;Curral Novo do Piauí;4984;5073;89
RS;6973;Erebango;2965;3054;89
SC;15406;Salto Veloso;4301;4390;89
MG;22405;Divisa Nova;5763;5851;88
RN;3202;Doutor Severiano;6956;7044;88
PR;21257;Ramilândia;4134;4221;87
PR;2703;Barra do Jacaré;2727;2814;87
MG;11705;Canaã;4628;4715;87
GO;7535;Faina;6983;7070;87
SP;17307;Guaimbê;5425;5512;87
TO;5557;Combinado;4669;4756;87
GO;20058;São João da Paraúna;1688;1774;86
PR;2752;Bela Vista da Caroba;3945;4031;86
RN;7609;Messias Targino;4188;4274;86
TO;18907;Santa Rosa do Tocantins;4568;4653;85
RN;9332;Santa Maria;4762;4847;85
CE;3204;Caririaçu;26236;26320;84
RN;3756;Fernando Pedroza;2854;2938;84
GO;20702;Sítio d'Abadia;2843;2927;84
RN;2709;Cerro Corá;10916;11000;84
SC;4756;Cunhataí;1884;1968;84
MG;20706;Cruzeiro da Fortaleza;3438;3521;83
PI;9807;São Gonçalo do Piauí;4754;4837;83
SP;52700;Tabatinga;14686;14769;83
RS;12138;Mato Castelhano;2470;2553;83
MG;708;Água Comprida;2025;2108;83
PB;6509;Gurjão;3159;3242;83
RN;802;Angicos;11549;11632;83
RS;4713;Caraá;7312;7394;82
RS;12955;Nova Boa Vista;1960;2042;82
SP;51207;Sarutaiá;3622;3704;82
PB;5352;Damião;4900;4982;82
PI;11407;Várzea Grande;4336;4417;81
MA;9700;Sambaíba;5487;5568;81
SC;5431;Formosa do Sul;2601;2682;81
MG;36959;Juvenília;5708;5789;81
RS;10363;Imigrante;3000;3080;80
PR;13007;Jussara;6610;6690;80
MG;66907;Serrania;7542;7621;79
SP;44707;Sagres;2395;2474;79
PI;9450;Santo Antônio dos Milagres;2059;2138;79
MG;49606;Pequi;4076;4155;79
MG;53509;Alto Jequitibá;8318;8397;79
GO;14705;Nova América;2259;2337;78
TO;13304;Miranorte;12623;12701;78
SC;18103;Timbé do Sul;5308;5386;78
MT;8303;União do Sul;3760;3838;78
AL;5705;Olho d'Água das Flores;20617;20695;78
RS;12377;Monte Alegre dos Campos;3102;3180;78
BA;1809;Antônio Gonçalves;10785;10862;77
SP;14502;Duartina;12251;12328;77
GO;10158;Ipiranga de Goiás;2843;2919;76
SP;55356;Ubarana;5289;5365;76
PR;13106;Kaloré;4506;4582;76
PB;5402;Desterro;7991;8067;76
TO;20937;Taipas do Tocantins;1945;2021;76
PR;7603;Faxinal;16314;16389;75
SE;209;Aquidabã;20056;20131;75
SE;6107;Rosário do Catete;9221;9295;74
CE;5704;Ipaumirim;12009;12083;74
SP;600;Águas de São Pedro;2707;2780;73
CE;11009;Poranga;11992;12065;73
RS;1859;Barra do Guarita;3089;3161;72
MA;11805;Sítio Novo;17002;17074;72
PR;13205;Lapa;44932;45003;71
MG;1201;Aiuruoca;6162;6233;71
TO;18006;Porto Alegre do Tocantins;2796;2866;70
PE;3900;Carnaíba;18574;18644;70
MG;65404;Sapucaí-Mirim;6241;6311;70
PI;5409;Joaquim Pires;13817;13886;69
MG;56106;Ritápolis;4925;4994;69
MG;53400;Presidente Olegário;18697;18765;68
RS;8854;Gentil;1677;1744;67
AL;1357;Campestre;6598;6665;67
PR;2208;Atalaia;3913;3980;67
SP;29658;Mesópolis;1886;1952;66
SP;49250;São João de Iracema;1780;1846;66
PI;6308;Miguel Leão;1253;1318;65
SC;17758;Sul Brasil;2768;2832;64
MA;6375;Maranhãozinho;13697;13761;64
RS;18440;São Jorge;2848;2912;64
PE;15201;Terra Nova;8856;8920;64
SC;6751;Ibiam;1945;2008;63
MG;16704;Coimbra;7054;7117;63
SP;9908;Cananéia;12226;12289;63
PR;10805;Iretama;10622;10684;62
MG;26950;Frei Lagonegro;3329;3391;62
RS;18432;São João do Polêsine;2588;2649;61
BA;4506;Brotas de Macaúbas;11705;11765;60
RS;11643;Linha Nova;1624;1683;59
MG;4908;Baependi;18307;18366;59
SP;56958;Vitória Brasil;1737;1794;57
PE;8057;Jatobá;13963;14020;57
GO;21908;Varjão;3659;3716;57
SP;23305;Itariri;15471;15528;57
SE;6800;São Domingos;10271;10327;56
SC;3154;Calmon;3387;3443;56
SP;16507;Gabriel Monteiro;2708;2763;55
PR;5300;Céu Azul;11032;11087;55
AL;2207;Coqueiro Seco;5526;5581;55
TO;18659;Rio da Conceição;1714;1768;54
RS;10652;Itati;2584;2638;54
SC;6108;Grão-Pará;6223;6277;54
PR;28609;Verê;7878;7932;54
SC;1604;Arroio Trinta;3502;3556;54
RN;14308;Timbaúba dos Batistas;2295;2348;53
SP;40259;Pontalinda;4074;4127;53
MG;41207;Matutina;3761;3814;53
PB;13851;Santo André;2569;2622;53
PB;4850;Coxixola;1771;1824;53
MG;62005;São Gonçalo do Sapucaí;23906;23959;53
PR;10508;Ipiranga;14091;14142;51
RS;6205;Cruzeiro do Sul;11549;11600;51
PI;7934;Pedro Laurentino;2407;2458;51
PB;5279;Curral de Cima;5204;5254;50
PR;22305;Rio Negro;31274;31324;50
RJ;5406;Sapucaia;17679;17729;50
RJ;1603;Duas Barras;10930;10980;50
PB;5238;Cuité de Mamanguape;6202;6251;49
SC;9201;Lacerdópolis;2199;2248;49
SP;20905;Ipaussu;13663;13712;49
SE;4102;Moita Bonita;11001;11050;49
SC;2578;Bom Jesus do Oeste;2138;2187;49
BA;31103;Tanquinho;7669;7717;48
PI;3800;Flores do Piauí;4366;4414;48
GO;4656;Campinaçu;3660;3708;48
MA;4602;Governador Eugênio Barros;13883;13930;47
SP;8801;Cafelândia;16607;16654;47
MG;14105;Carmo de Minas;13750;13797;47
PR;26652;Sulina;3394;3440;46
PI;9559;São Braz do Piauí;4313;4358;45
PB;4074;Caraúbas;3899;3944;45
SP;15301;Estrela do Norte;2658;2703;45
TO;10904;Itapiratins;3532;3577;45
PB;15203;São Sebastião do Umbuzeiro;3235;3279;44
PR;1051;Anahy;2874;2918;44
PB;12606;Quixaba;1699;1743;44
MT;6109;Nossa Senhora do Livramento;12897;12940;43
PR;806;Alvorada do Sul;10283;10326;43
RS;14498;Pinheirinho do Vale;4497;4540;43
PA;7474;São João de Pirabas;20647;20689;42
PR;6001;Congonhinhas;8279;8320;41
MG;20102;Couto de Magalhães de Minas;4204;4245;41
MT;3437;Curvelândia;4862;4903;41
MG;10202;Cajuri;4047;4088;41
GO;12105;Joviânia;7118;7159;41
MT;5200;Juscimeira;11439;11480;41
TO;20655;Silvanópolis;5068;5108;40
PR;25555;São Manoel do Paraná;2098;2138;40
MT;7404;São Pedro da Cipa;4151;4191;40
MG;1300;Alagoa;2709;2749;40
MG;64209;São Romão;10276;10315;39
MG;1409;Albertina;2913;2952;39
TO;20499;São Valério;4383;4422;39
MG;70479;Uruana de Minas;3243;3282;39
RS;19711;São Valentim do Sul;2168;2207;39
MG;9600;Cachoeira da Prata;3654;3693;39
PE;15904;Tuparetama;7966;8005;39
PE;1003;Angelim;10202;10241;39
RN;3004;Cruzeta;7967;8005;38
RJ;3005;Miracema;26843;26881;38
PI;6357;Milton Brandão;6504;6542;38
GO;14804;Nova Aurora;2064;2101;37
RN;1503;Barcelona;3950;3986;36
BA;10776;Feira da Mata;5595;5631;36
MG;61007;São Domingos do Prata;17357;17392;35
GO;11602;Ivolândia;2658;2693;35
MG;33402;Itapagipe;13656;13690;34
SC;4152;Celso Ramos;2771;2805;34
RN;12104;São João do Sabugi;5922;5956;34
MG;44409;Natércia;4658;4691;33
PR;21604;Renascença;6812;6845;33
SP;3950;Aspásia;1809;1842;33
RS;1503;Augusto Pestana;7116;7149;33
GO;15405;Ouro Verde de Goiás;4025;4057;32
MG;22702;Dom Silvério;5196;5228;32
SC;17550;Serra Alta;3272;3303;31
RN;7708;Montanhas;11413;11444;31
MG;39904;Maria da Fé;14216;14247;31
MG;60504;Santo Antônio do Rio Abaixo;1777;1808;31
AL;4807;Maribondo;13648;13679;31
PI;1309;Barreiras do Piauí;3234;3264;30
RS;8003;Faxinal do Soturno;6672;6702;30
SC;15554;Santa Helena;2395;2425;30
MG;11150;Campo Azul;3684;3714;30
MG;66402;Seritinga;1789;1819;30
SE;4706;Nossa Senhora de Lourdes;6238;6268;30
BA;16609;Itapitanga;10250;10279;29
SP;47205;Santana da Ponte Pensa;1641;1670;29
PI;7306;Paes Landim;4059;4088;29
PB;12077;Poço de José de Moura;3978;4006;28
SP;43253;Ribeirão Grande;7422;7450;28
AL;7909;Santa Luzia do Norte;6891;6919;28
RS;7401;Esmeralda;3168;3195;27
MG;70008;Ubaí;11681;11708;27
PE;16100;Verdejante;9142;9169;27
MA;4503;Governador Archer;10205;10231;26
PI;2604;Castelo do Piauí;19262;19288;26
SP;52551;Suzanápolis;3383;3408;25
RS;15172;Protásio Alves;2000;2025;25
MG;49408;Pedro Teixeira;1785;1810;25
PB;12200;Prata;3891;3915;24
PR;2604;Barracão;9735;9759;24
RS;23705;Vista Gaúcha;2759;2783;24
SC;10902;Modelo;4057;4080;23
SC;15604;Santa Rosa de Lima;2065;2088;23
BA;17359;Jaborandi;9252;9275;23
SC;2156;Belmonte;2635;2658;23
MG;17207;Conceição das Pedras;2749;2772;23
SP;18107;Guarantã;6404;6427;23
MG;45505;Olímpio Noronha;2533;2555;22
MS;2902;Cassilândia;20966;20988;22
PR;25100;São João do Triunfo;13704;13726;22
RN;13805;Taboleiro Grande;2317;2338;21
TO;12157;Lavandeira;1605;1626;21
RS;23606;Vista Alegre do Prata;1569;1590;21
SP;2309;Anhembi;5653;5674;21
MG;23403;Doresópolis;1440;1461;21
ES;4104;Pinheiros;23895;23915;20
RS;22558;Vanini;1984;2004;20
PR;3206;Bom Sucesso;6561;6581;20
RJ;2106;Itaocara;22899;22919;20
BA;19959;Maetinga;6953;6973;20
RS;16733;Santa Cecília do Sul;1655;1674;19
MG;61502;São Geraldo;10263;10282;19
MG;9105;Bueno Brandão;10892;10911;19
MG;27909;Grupiara;1373;1392;19
MT;805;Apiacás;8571;8590;19
RS;6056;Cristal;7280;7299;19
MG;55009;Rio Doce;2465;2484;19
RN;8805;Parazinho;4782;4801;19
SP;50506;São Pedro do Turvo;7198;7217;19
PB;11004;Pedra Branca;3721;3739;18
PI;6951;Novo Santo Antônio;2809;2827;18
SP;14924;Elisiário;3120;3138;18
SP;31704;Monteiro Lobato;4120;4138;18
SP;1202;Álvares Florence;3897;3915;18
CE;13351;Tejuçuoca;17136;17154;18
MG;66600;Serra da Saudade;815;833;18
PR;9708;Ibaiti;28813;28830;17
SC;14102;Presidente Nereu;2284;2301;17
MA;10302;Santo Antônio dos Lopes;14288;14304;16
SC;8708;Jacinto Machado;10608;10624;16
RN;14803;Vera Cruz;10719;10735;16
MG;16209;Chiador;2785;2800;15
RN;7906;Monte das Gameleiras;2261;2276;15
MG;38401;Leopoldina;51130;51145;15
PB;14651;São José do Brejo do Cruz;1684;1699;15
RS;4655;Capão do Cipó;3104;3119;15
BA;1205;Anagé;25423;25438;15
PI;5524;Júlio Borges;5373;5388;15
GO;16452;Perolândia;2950;2964;14
SP;49201;São João das Duas Pontes;2566;2580;14
SE;2007;Divina Pastora;4326;4340;14
BA;23605;Paramirim;20337;20351;14
RS;14076;Passo do Sobrado;6011;6025;14
SC;9607;Lauro Müller;14367;14381;14
PR;22909;Salto do Itararé;5178;5192;14
MG;29202;Heliodora;6121;6134;13
RS;20552;Sertão Santana;5850;5863;13
RJ;5901;Trajano de Moraes;10289;10302;13
RS;6551;Dom Pedro de Alcântara;2550;2562;12
TO;11803;Juarina;2231;2243;12
MG;15805;Centralina;10195;10207;12
PI;7751;Passagem Franca do Piauí;4123;4135;12
SP;32900;Nova Europa;9300;9311;11
SE;1900;Cumbe;3813;3824;11
BA;6204;Canarana;24195;24206;11
MG;11002;Campestre;20686;20696;10
AP;550;Pracuúba;3793;3803;10
MT;6315;Novo Santo Antônio;2005;2015;10
CE;5100;Guaramiranga;5644;5654;10
RJ;2056;Italva;14063;14073;10
PI;5359;João Costa;2960;2970;10
PR;22008;Rio Azul;14015;14025;10
BA;3235;Barro Alto;13444;13453;9
PB;14602;São José do Bonfim;3233;3242;9
RN;14456;Triunfo Potiguar;3368;3376;8
GO;15207;Novo Brasil;3519;3527;8
SC;8955;Jardinópolis;1769;1776;7
RS;12427;Mormaço;2749;2756;7
PI;10201;São José do Piauí;6591;6597;6
MG;68101;Tapira;4112;4118;6
MG;41603;Mercês;10368;10373;5
PE;2308;Bonito;37469;37474;5
SP;54706;Torrinha;9330;9335;5
MG;40100;Marilac;4219;4224;5
SC;12601;Peritiba;2988;2992;4
SP;55703;União Paulista;1599;1603;4
RJ;5604;Silva Jardim;21349;21352;3
RS;2253;Boa Vista do Sul;2776;2779;3
CE;6801;Jaguaribara;10353;10356;3
BA;22300;Muritiba;28705;28707;2
SP;5203;Bariri;31593;31595;2
PI;4501;Guadalupe;10268;10270;2
PB;12721;Pedro Régis;5765;5766;1
MA;1806;Benedito Leite;5469;5469;0
PA;4109;Magalhães Barata;8115;8115;0
MG;14709;Carvalhópolis;3341;3341;0
GO;6800;Damolândia;2725;2724;-1
BA;17201;Ituaçu;17915;17914;-1
PR;3008;Boa Esperança;4560;4558;-2
SP;18008;Guarani d'Oeste;1970;1968;-2
SC;10852;Mirim Doce;2513;2511;-2
RN;1859;Caiçara do Norte;6295;6293;-2
GO;1603;Araçu;3802;3799;-3
SP;55802;Urânia;8836;8833;-3
RN;14704;Várzea;5236;5233;-3
PI;5904;Manoel Emídio;5213;5209;-4
TO;21208;Tocantinópolis;22619;22615;-4
MG;67004;Serranos;1995;1990;-5
MG;70602;Vargem Bonita;2163;2158;-5
RN;307;Afonso Bezerra;10844;10839;-5
RS;3673;Campestre da Serra;3247;3242;-5
PI;8700;Redenção do Gurguéia;8400;8394;-6
MG;38302;Leandro Ferreira;3205;3199;-6
PB;10907;Paulista;11840;11834;-6
SP;15129;Emilianópolis;3020;3014;-6
MG;34806;Jacuí;7502;7495;-7
RS;17301;Santa Vitória do Palmar;30990;30983;-7
RS;4952;Caseiros;3007;3000;-7
RS;12179;Mato Queimado;1802;1795;-7
SP;7753;Brejo Alegre;2573;2565;-8
RJ;3104;Natividade;15082;15074;-8
PI;9500;Santo Inácio do Piauí;3654;3646;-8
PE;2803;Buíque;52105;52097;-8
SC;16008;São Carlos;10291;10282;-9
MG;3306;Aracitaba;2058;2049;-9
TO;11951;Lagoa do Tocantins;3525;3516;-9
MG;25408;Felício dos Santos;5142;5133;-9
PI;10938;Sussuapara;6229;6220;-9
PI;9203;Santa Filomena;6096;6087;-9
SP;19907;Iepê;7628;7619;-9
SP;45100;Salmourão;4818;4808;-10
PB;10600;Ouro Velho;2928;2918;-10
PR;4428;Candói;14983;14973;-10
PR;11308;Itaúna do Sul;3583;3572;-11
RN;5306;Januário Cicco;9062;9051;-11
MG;401;Acaiaca;3920;3909;-11
SC;10803;Meleiro;7018;7006;-12
MG;23502;Douradoquara;1841;1829;-12
SP;34104;Oriente;6097;6085;-12
PB;14008;São João do Cariri;4239;4226;-13
RS;7864;Fagundes Varela;2579;2566;-13
GO;11206;Itapuranga;26127;26113;-14
MG;203;Abaeté;22690;22675;-15
SP;20806;Inúbia Paulista;3630;3615;-15
PR;3057;Boa Vista da Aparecida;7939;7924;-15
MG;43005;Monte Belo;13061;13046;-15
PE;10905;Pesqueira;62737;62722;-15
SP;53500;Tapiraí;8012;7996;-16
SP;7159;Bom Sucesso de Itararé;3571;3555;-16
PI;10359;São Lourenço do Piauí;4427;4410;-17
PE;609;Alagoinha;13559;13542;-17
MG;29905;Ibitiúra de Minas;3382;3365;-17
GO;4201;Cachoeira de Goiás;1422;1405;-17
RO;1104;Itapuã do Oeste;8566;8548;-18
RS;10306;Ilópolis;4175;4157;-18
RN;8607;Paraná;3952;3934;-18
SP;32827;Nova Campina;8515;8497;-18
SC;10555;Marema;2203;2184;-19
MG;2902;Antônio Carlos;11114;11095;-19
MG;30705;Indianópolis;6190;6171;-19
RS;12757;Nova Alvorada;3182;3163;-19
MG;21100;Delfim Moreira;7971;7952;-19
MG;36504;Jordânia;10324;10304;-20
SP;34807;Ouro Verde;7800;7779;-21
SP;33106;Nova Guataporanga;2177;2156;-21
RS;4622;Capão Bonito do Sul;1754;1733;-21
MG;21506;Desterro do Melo;3015;2994;-21
MG;70305;Umburatiba;2705;2684;-21
PI;4154;Francisco Macedo;2951;2929;-22
PB;7408;Jericó;7538;7516;-22
RN;5108;Jandaíra;6585;6562;-23
MG;25507;São Gonçalo do Rio Preto;3056;3032;-24
PB;13653;Joca Claudino;2564;2539;-25
PA;6906;Santarém Novo;6141;6116;-25
PR;19707;Planaltina do Paraná;4095;4070;-25
MG;28600;Guarda-Mor;6565;6539;-26
MG;66956;Serranópolis de Minas;4425;4399;-26
SC;7858;Irati;2096;2069;-27
SE;2700;Ilha das Flores;8348;8321;-27
TO;17008;Pindorama do Tocantins;4506;4478;-28
MG;23858;Entre Folhas;5207;5179;-28
SP;44400;Rubiácea;2729;2700;-29
RS;5587;Colinas;2452;2423;-29
RN;10801;Riacho de Santana;4156;4127;-29
PR;1655;Arapuã;3557;3527;-30
PR;16901;Nova Esperança;26615;26585;-30
MG;14907;Casa Grande;2244;2214;-30
PR;28633;Doutor Ulysses;5727;5697;-30
MG;45406;Olaria;1976;1945;-31
MG;906;Águas Formosas;18479;18448;-31
MG;71402;Vieiras;3731;3700;-31
PA;4406;Marapanim;26605;26573;-32
MS;252;Alcinópolis;4569;4537;-32
BA;22250;Muquém do São Francisco;10475;10443;-32
PE;3306;Calçado;11125;11093;-32
PB;12036;Poço Dantas;3863;3830;-33
RS;12500;Mostardas;12124;12090;-34
RN;406;Água Nova;2980;2946;-34
MG;27354;Glaucilândia;2962;2928;-34
SC;9805;Leoberto Leal;3365;3330;-35
PR;13429;Lidianópolis;3973;3938;-35
PI;7850;Pavussu;3663;3628;-35
SP;28304;Magda;3200;3165;-35
PR;9104;Guaporema;2226;2191;-35
BA;17409;Jacaraci;14473;14436;-37
GO;6602;Cumari;2964;2927;-37
PR;27882;Tunas do Paraná;6256;6219;-37
MG;44359;Naque;6341;6303;-38
PB;10501;Olivedos;3618;3580;-38
RS;5157;Cerro Grande;2417;2379;-38
RN;7401;Martins;8218;8179;-39
RN;11502;Santo Antônio;22216;22177;-39
SC;15059;Rio Rufino;2436;2397;-39
SP;52601;Tabapuã;11363;11323;-40
PB;4504;Condado;6491;6451;-40
RN;13300;Serra de São Bento;5743;5703;-40
RN;1909;Caiçara do Rio do Vento;3308;3268;-40
PI;7405;Palmeira do Piauí;4993;4952;-41
TO;11100;Itaporã do Tocantins;2445;2404;-41
PR;26207;Sapopema;6736;6695;-41
MA;4073;Feira Nova do Maranhão;8089;8048;-41
MA;1350;Bacurituba;5293;5252;-41
RN;4804;Ipueira;2077;2035;-42
MA;8108;Paulo Ramos;20383;20341;-42
RS;12351;Montauri;1542;1499;-43
PI;9906;São João da Serra;6157;6114;-43
PR;8957;Guamiranga;7900;7856;-44
MG;61304;São Francisco de Sales;5776;5732;-44
MS;2605;Camapuã;13628;13583;-45
SC;13906;Presidente Castello Branco;1734;1689;-45
MG;50109;Piau;2841;2796;-45
PE;9006;Macaparana;23925;23879;-46
GO;12808;Mara Rosa;10746;10700;-46
RS;7450;Esperança do Sul;3272;3226;-46
CE;4608;General Sampaio;6780;6734;-46
CE;10308;Parambu;31491;31445;-46
SP;32157;Nantes;2707;2660;-47
MG;6606;Bertópolis;4498;4451;-47
RS;14134;Paulo Bento;2191;2144;-47
RS;8052;Faxinalzinho;2567;2520;-47
SP;4404;Avanhandava;11310;11263;-47
MG;17405;Conceição de Ipanema;4456;4409;-47
RS;17558;Santo Antônio do Palma;2139;2091;-48
RS;554;Alto Alegre;1848;1800;-48
SC;10050;Macieira;1826;1778;-48
MA;11748;Senador Alexandre Costa;10256;10207;-49
TO;9807;Ipueiras;1639;1590;-49
MG;30804;Ingaí;2629;2580;-49
MG;14550;Carneirinho;9471;9422;-49
RS;2584;Bozano;2200;2151;-49
PI;8601;Prata do Piauí;3092;3042;-50
RN;2105;Campo Redondo;10266;10215;-51
MG;4452;Aricanduva;4770;4719;-51
PI;1051;Assunção do Piauí;7503;7452;-51
MA;13009;Vitorino Freire;30897;30845;-52
RS;20800;Soledade;30044;29991;-53
SP;27900;Lutécia;2714;2661;-53
SP;45506;Sandovalina;3699;3645;-54
RS;7054;Ernestina;3088;3034;-54
SC;10308;Major Vieira;7479;7425;-54
RN;4101;Galinhos;2159;2104;-55
SC;51;Abdon Batista;2653;2598;-55
PB;13307;Santa Helena;5920;5865;-55
RS;11791;Maratá;2527;2470;-57
PI;8205;Pio IX;17671;17613;-58
BA;18308;Jitaúna;14413;14355;-58
RS;20701;Sobradinho;14285;14226;-59
TO;12801;Maurilândia do Tocantins;3154;3095;-59
SP;50001;São Luiz do Paraitinga;10397;10337;-60
AM;2207;Juruá;10802;10742;-60
SC;15752;São Bernardino;2744;2684;-60
MG;59902;Santo Antônio do Amparo;17345;17285;-60
RS;18507;São José do Norte;25503;25443;-60
SC;15901;São Bonifácio;3008;2946;-62
MG;3207;Araçaí;2243;2181;-62
PR;12702;Jataizinho;11875;11813;-62
SC;5555;Frei Rogério;2474;2411;-63
SP;32868;Nova Castilho;1125;1062;-63
MG;67806;Soledade de Minas;5676;5613;-63
MA;10104;Santa Quitéria do Maranhão;24021;23957;-64
MG;45356;Novo Oriente de Minas;10339;10275;-64
MG;67905;Tabuleiro;4079;4014;-65
RN;6007;José da Penha;5868;5803;-65
PI;4105;Francisco Ayres;4477;4412;-65
SC;10209;Major Gercino;3279;3214;-65
SP;5351;Barra do Chapéu;5244;5179;-65
PR;12603;Jardim Olinda;1409;1343;-66
SP;8306;Cabrália Paulista;4365;4299;-66
RS;17806;Santo Augusto;13968;13902;-66
PB;4108;Carrapateira;2378;2312;-66
RS;14159;Paverama;8044;7978;-66
MS;5608;Miranda;25602;25536;-66
RS;7500;Espumoso;15240;15173;-67
RS;6429;Dois Irmãos das Missões;2157;2090;-67
MG;47600;Passa Quatro;15582;15515;-67
SP;34500;Oscar Bressane;2537;2470;-67
MG;58003;Santa Maria de Itabira;10552;10485;-67
RS;9654;Hulha Negra;6043;5976;-67
PI;5607;Landri Sales;5281;5213;-68
SP;6201;Bento de Abreu;2674;2606;-68
GO;20405;São Simão;17088;17020;-68
BA;2054;Araçás;11625;11557;-68
PR;3404;Cafeara;2695;2627;-68
PR;6704;Cruzeiro do Sul;4563;4494;-69
SP;13850;Dirce Reis;1689;1620;-69
PI;6407;Monsenhor Gil;10324;10255;-69
TO;20002;Santa Terezinha do Tocantins;2475;2406;-69
MG;30051;Icaraí de Minas;10746;10677;-69
RS;18606;São José do Ouro;6904;6834;-70
PI;6654;Morro Cabeça no Tempo;4447;4377;-70
RS;5959;Cotiporã;3917;3846;-71
SP;53906;Tarabai;6607;6536;-71
RJ;1207;Carmo;17269;17198;-71
RJ;4409;Rio Claro;17473;17401;-72
MG;71105;Veríssimo;3483;3411;-72
SC;1802;Atalanta;3300;3227;-73
RS;23358;Vila Lângaro;2152;2079;-73
CE;606;Altaneira;6856;6782;-74
PI;6670;Morro do Chapéu do Piauí;6499;6425;-74
SC;507;Águas de Chapecó;6110;6036;-74
SP;39608;Planalto;4463;4389;-74
PB;16607;Tavares;14176;14101;-75
MG;28808;Guidoval;7206;7131;-75
GO;13400;Moiporá;1760;1685;-75
MA;9056;Porto Rico do Maranhão;6030;5954;-76
PI;5516;Juazeiro do Piauí;5290;5214;-76
PI;8858;Riacho Frio;4241;4165;-76
GO;15801;Palmelo;2335;2259;-76
GO;13053;Mimoso de Goiás;2690;2614;-76
GO;12006;Jaupaci;3000;2924;-76
SP;303;Aguaí;32148;32072;-76
PI;2117;Campo Alegre do Fidalgo;4693;4616;-77
GO;506;Aloândia;2051;1973;-78
SC;10704;Matos Costa;2839;2761;-78
PR;1606;Arapoti;25855;25777;-78
CE;9904;Pacujá;6253;6175;-78
SC;6603;Guarujá do Sul;4908;4829;-79
PB;6251;Gado Bravo;8258;8179;-79
MS;3108;Corguinho;4862;4783;-79
SP;52304;Sud Mennucci;7435;7355;-80
PB;10006;Nazarezinho;7284;7203;-81
BA;10750;Fátima;17976;17895;-81
RS;661;André da Rocha;1216;1135;-81
PB;13000;Salgadinho;3436;3355;-81
SP;32843;Nova Canaã Paulista;2114;2032;-82
MA;5948;Lago dos Rodrigues;8840;8758;-82
RS;901;Aratiba;6565;6483;-82
MG;54408;Ressaquinha;4630;4548;-82
SP;11904;Clementina;7065;6982;-83
MG;46602;Paiva;1558;1474;-84
PR;1853;Ariranha do Ivaí;2413;2329;-84
PE;7406;Itacuruba;4369;4284;-85
RS;8433;Forquetinha;2479;2393;-86
MG;45802;Onça de Pitangui;3055;2969;-86
MG;50208;Piedade de Ponte Nova;4062;3976;-86
PI;3453;Dom Inocêncio;9245;9159;-86
MT;1209;Araguainha;1096;1010;-86
SP;40101;Pongaí;3481;3395;-86
PR;21109;Quinta do Sol;5088;5001;-87
PB;6202;Frei Martinho;2933;2846;-87
SP;15194;Espírito Santo do Turvo;4244;4157;-87
PR;10904;Itaguajé;4568;4481;-87
MG;62658;São João do Pacuí;4060;3972;-88
MA;3109;Cedral;10297;10208;-89
PI;2091;Caldeirão Grande do Piauí;5592;5503;-89
RJ;4607;Santa Maria Madalena;10321;10232;-89
MA;12274;Tufilândia;5596;5507;-89
PR;15903;Mirador;2327;2238;-89
MA;4305;Godofredo Viana;10276;10186;-90
PA;3200;Igarapé-Açu;35887;35797;-90
TO;3602;Brasilândia do Tocantins;2064;1974;-90
MG;44706;Nova Era;17528;17438;-90
PR;22172;Rio Branco do Ivaí;3898;3808;-90
PR;10052;Iguatu;2234;2144;-90
SC;11850;Ouro Verde;2271;2181;-90
PR;3222;Bom Sucesso do Sul;3293;3202;-91
PR;26900;Tapira;5836;5745;-91
PR;14708;Maria Helena;5956;5865;-91
MG;53806;Queluzito;1861;1770;-91
PI;5573;Lagoa de São Francisco;6422;6331;-91
RN;5009;Jaçanã;7925;7834;-91
SC;15075;Riqueza;4860;4768;-92
MG;8008;Bom Sucesso;17243;17151;-92
RS;12625;Muliterno;1813;1721;-92
MG;8404;Botelhos;14920;14828;-92
PI;5532;Jurema;4517;4425;-92
SC;9854;Lindóia do Sul;4642;4549;-93
SC;13351;Ponte Alta do Norte;3303;3210;-93
PR;3040;Boa Ventura de São Roque;6472;6378;-94
MG;12901;Caputira;9030;8936;-94
BA;26707;Rio de Contas;13278;13184;-94
TO;6258;Crixás do Tocantins;1564;1470;-94
PR;23600;Santa Inês;1842;1748;-94
MG;45703;Oliveira Fortes;2123;2027;-96
PB;12309;Princesa Isabel;21210;21114;-96
SP;40408;Populina;4223;4127;-96
RJ;1405;Conceição de Macabu;21200;21104;-96
GO;1207;Anhanguera;1020;924;-96
MG;58706;Santana do Garambéu;2234;2137;-97
GO;21700;Uruana;13826;13729;-97
RS;471;Almirante Tamandaré do Sul;2067;1969;-98
RS;8458;Fortaleza dos Valos;4575;4477;-98
MG;12703;Capitão Enéas;14206;14108;-98
MT;7578;Rondolândia;3604;3505;-99
MG;11309;Campo do Meio;11476;11377;-99
MG;41900;Minduri;3840;3741;-99
RS;12054;Marques de Souza;4068;3969;-99
MG;70651;Vargem Grande do Rio Pardo;4733;4633;-100
PR;12900;Jundiaí do Sul;3433;3333;-100
MG;28105;Guapé;13872;13772;-100
SP;14957;Embaúba;2423;2323;-100
RN;6403;Lagoa de Velhos;2668;2567;-101
GO;19506;Santa Rosa de Goiás;2922;2820;-102
ES;5176;Vila Valério;13830;13728;-102
RS;22327;Turuçu;3522;3419;-103
RS;22525;Vale Verde;3253;3150;-103
RS;19737;São Valério do Sul;2647;2543;-104
PR;7405;Enéas Marques;6103;5999;-104
PE;4700;Correntes;17235;17131;-104
PI;5151;Jacobina do Piauí;5717;5613;-104
MG;3702;Araponga;8152;8048;-104
SC;4905;Descanso;8634;8530;-104
SC;6801;Ibicaré;3373;3269;-104
TO;2703;Aurora do Tocantins;3446;3342;-104
PI;10383;São Miguel da Baixa Grande;2373;2269;-104
SE;100;Amparo do São Francisco;2275;2170;-105
MG;50307;Piedade do Rio Grande;4709;4604;-105
SP;44608;Sabino;5217;5112;-105
TO;20978;Talismã;2562;2456;-106
PB;6400;Gurinhém;13872;13766;-106
RS;13086;Nova Pádua;2450;2343;-107
SP;53658;Taquaral;2726;2619;-107
SC;11652;Novo Horizonte;2750;2643;-107
CE;1851;Banabuiú;17302;17195;-107
PI;10300;São Julião;6132;6025;-107
AL;805;Belém;4829;4722;-107
MG;36553;José Raydan;4376;4268;-108
PR;16505;Nova Aliança do Ivaí;1431;1323;-108
RS;703;Anta Gorda;6066;5957;-109
RS;12617;Muitos Capões;2988;2879;-109
PR;28500;Wenceslau Braz;19298;19188;-110
RN;4002;Frutuoso Gomes;4233;4122;-111
RS;12385;Monte Belo do Sul;2668;2557;-111
RS;12443;Morrinhos do Sul;3182;3071;-111
PI;7959;Nova Santa Rita;4187;4076;-111
RS;13466;Novo Xingu;1757;1646;-111
RS;17954;Santo Expedito do Sul;2461;2349;-112
SP;55208;Turiúba;1930;1818;-112
PI;7553;Paquetá;3925;3813;-112
MG;58607;Santana do Deserto;3860;3747;-113
SP;14700;Echaporã;6318;6205;-113
RN;11700;São Bento do Trairí;3905;3792;-113
PB;10303;Nova Palmeira;4373;4259;-114
PB;106;Água Branca;9449;9335;-114
PB;2201;Bom Jesus;2400;2286;-114
RS;16428;Sagrada Família;2595;2480;-115
MG;18106;Congonhas do Norte;4946;4831;-115
SP;1509;Alvinlândia;3000;2885;-115
TO;3883;Carmolândia;2316;2201;-115
GO;7501;Estrela do Norte;3320;3205;-115
AL;2009;Coité do Nóia;10926;10810;-116
MG;22470;Dom Bosco;3814;3697;-117
MG;57658;Santa Helena de Minas;6055;5938;-117
PR;26108;São Tomé;5349;5232;-117
MA;4701;Graça Aranha;6140;6023;-117
SC;18855;União do Oeste;2892;2774;-118
RS;5934;Coronel Pilar;1725;1607;-118
RS;14704;Planalto;10524;10406;-118
BA;10305;Elísio Medrado;7926;7808;-118
SP;3505;Areias;3696;3577;-119
RN;1651;Bodó;2425;2306;-119
ES;300;Alfredo Chaves;13955;13836;-119
PR;202;Adrianópolis;6376;6256;-120
PR;7520;Esperança Nova;1970;1849;-121
SC;19200;Vidal Ramos;6310;6189;-121
PB;10659;Parari;1842;1720;-122
MG;53707;Quartel Geral;3303;3179;-124
SP;11201;Catiguá;7127;7003;-124
MG;69059;Tocos do Moji;3950;3826;-124
MG;35803;Jequitinhonha;24131;24007;-124
MT;7941;Tabaporã;9942;9818;-124
PI;4550;Guaribas;4401;4276;-125
AP;105;Amapá;8069;7943;-126
MA;6003;Lima Campos;11423;11297;-126
PI;1988;Brejo do Piauí;4030;3904;-126
RS;12252;Minas do Leão;7631;7505;-126
MG;44904;Nova Módica;3790;3663;-127
MG;50570;Pintópolis;7211;7084;-127
SC;3253;Capão Alto;2753;2625;-128
SC;17154;São Miguel da Boa Vista;1909;1781;-128
RN;10603;Rafael Godeiro;3063;2934;-129
TO;7652;Figueirópolis;5340;5211;-129
RS;19364;São Pedro das Missões;1886;1757;-129
MG;15607;Cedro do Abaeté;1210;1081;-129
PI;5250;Jardim do Mulato;4309;4180;-129
MA;8702;Pio XII;22016;21886;-130
PI;9609;São Félix do Piauí;2972;2842;-130
RS;1073;Arroio do Padre;2730;2599;-131
GO;175;Água Fria de Goiás;5085;4954;-131
RS;5405;Chiapetta;4044;3913;-131
RS;13441;Novo Tiradentes;2277;2146;-131
SP;40309;Pontes Gestal;2518;2387;-131
SC;2131;Bela Vista do Toldo;6004;5872;-132
TO;16653;Pequizeiro;5054;4921;-133
MG;58409;Santana de Cataguases;3622;3489;-133
MG;3108;Antônio Prado de Minas;1671;1538;-133
PB;14107;São João do Tigre;4396;4263;-133
RS;17400;Santiago;49071;48938;-133
RS;6759;Doutor Ricardo;2022;1888;-134
RS;6072;Cristal do Sul;2826;2692;-134
PB;15609;Serra da Raiz;3228;3094;-134
BA;13101;Ibititá;17103;16969;-134
MG;14808;Carvalhos;4556;4422;-134
SP;23701;Itirapuã;5914;5779;-135
AL;7008;Pindoba;2866;2731;-135
MG;48806;Pedra do Anta;3446;3311;-135
RS;15131;Pouso Novo;1875;1739;-136
SP;37156;Pedrinhas Paulista;2940;2804;-136
PI;277;Alegrete do Piauí;4771;4634;-137
PR;22107;Rio Bom;3334;3197;-137
GO;21577;Uirapuru;2936;2798;-138
GO;9457;Guarinos;2299;2161;-138
SC;11892;Painel;2353;2215;-138
BA;5107;Caém;10522;10384;-138
GO;19209;Santa Cruz de Goiás;3140;3002;-138
RS;21352;Tavares;5351;5212;-139
PI;6209;Miguel Alves;32289;32150;-139
SC;11009;Mondaí;10205;10066;-139
RS;13003;Nova Bréscia;3184;3044;-140
PR;3958;Campina do Simão;4076;3936;-140
SE;6008;Ribeirópolis;17173;17033;-140
PI;11605;Vila Nova do Piauí;3076;2935;-141
MG;32800;Itambé do Mato Dentro;2283;2142;-141
RS;20321;Senador Salgado Filho;2814;2673;-141
AL;5804;Olho d'Água do Casado;8491;8349;-142
PB;14503;São José de Piranhas;19209;19067;-142
PE;9303;Mirandiba;14308;14166;-142
PR;3305;Borrazópolis;7878;7735;-143
MG;25705;Felixlândia;14121;13978;-143
RN;6908;Lucrécia;3633;3490;-143
PR;17107;Nova Londrina;13067;12923;-144
MG;3801;Arapuá;2775;2631;-144
PR;6571;Cruzeiro do Iguaçu;4278;4133;-145
AL;3908;Jundiá;4237;4092;-145
RS;7831;Eugênio de Castro;2778;2633;-145
MG;15003;Cascalho Rico;2857;2712;-145
RN;13508;Serrinha;6581;6436;-145
BA;32408;Uibaí;13578;13432;-146
MG;49200;Pedrinópolis;3490;3344;-146
MA;808;Anapurus;13939;13793;-146
RS;5702;Condor;6552;6406;-146
PI;10391;São Miguel do Fidalgo;2976;2829;-147
PE;9501;Nazaré da Mata;30796;30648;-148
GO;19357;Santa Isabel;3686;3538;-148
PI;3859;Floresta do Piauí;2482;2333;-149
SC;754;Alto Bela Vista;2005;1856;-149
SC;7908;Irineópolis;10434;10285;-149
RJ;4102;Porciúncula;17437;17288;-149
RN;9605;Pedra Preta;2590;2441;-149
RS;14175;Pedras Altas;2212;2061;-151
RJ;2304;Laje do Muriaé;7487;7336;-151
PR;28625;Alto Paraíso;3206;3055;-151
MG;55900;Rio Preto;5292;5141;-151
CE;11231;Potiretama;6126;5974;-152
PB;4405;Conceição;18412;18260;-152
RS;4614;Canudos do Vale;1809;1656;-153
CE;3907;Chaval;12615;12462;-153
PR;22651;Rosário do Ivaí;5588;5435;-153
GO;6909;Davinópolis;2056;1902;-154
RS;2238;Boa Vista do Incra;2425;2271;-154
RS;21832;Três Forquilhas;2914;2760;-154
GO;209;Água Limpa;2013;1858;-155
MG;63904;São Pedro da União;5040;4885;-155
GO;12055;Jesúpolis;2278;2123;-155
BA;7707;Chorrochó;10734;10579;-155
MA;11508;São Mateus do Maranhão;38985;38829;-156
RS;22855;Vespasiano Corrêa;1974;1818;-156
TO;15705;Palmeirante;4954;4798;-156
GO;19712;Santo Antônio da Barra;4423;4267;-156
MG;33907;Itaverava;5799;5642;-157
SC;7601;Ipira;4735;4578;-157
CE;7007;Jaguaruana;31859;31701;-158
PI;103;Agricolândia;5098;4940;-158
AM;1654;Guajará;13974;13815;-159
RS;5975;Coxilha;2826;2667;-159
RO;1468;Pimenteiras do Oeste;2315;2156;-159
MG;6101;Belmiro Braga;3403;3244;-159
PB;9370;Mato Grosso;2702;2543;-159
TO;5102;Chapada da Natividade;3277;3117;-160
PR;13452;Lindoeste;5335;5175;-160
SC;12007;Palma Sola;7765;7605;-160
SP;33809;Óleo;2673;2512;-161
MG;12109;Caparaó;5209;5048;-161
PI;5276;Jatobá do Piauí;4656;4494;-162
RS;21626;Travesseiro;2314;2152;-162
SP;43238;Ribeirão dos Índios;2187;2025;-162
BA;21450;Mirante;10349;10187;-162
SP;3158;Arapeí;2493;2330;-163
AL;8204;São Brás;6718;6555;-163
MT;8352;Vale de São Domingos;3068;2904;-164
BA;4753;Buritirama;19753;19589;-164
GO;829;Amaralina;3432;3268;-164
TO;20853;Sucupira;1742;1577;-165
PB;5204;Cuitegi;6895;6730;-165
CE;4269;Deputado Irapuan Pinheiro;9097;8932;-165
SE;1108;Canhoba;3956;3791;-165
SP;13306;Cruzália;2274;2108;-166
PA;7409;São Francisco do Pará;15060;14894;-166
MG;47501;Passabém;1766;1600;-166
PI;301;Alto Longá;13646;13479;-167
PB;8505;Livramento;7044;6877;-167
PE;15003;Taquaritinga do Norte;24903;24736;-167
SP;39707;Platina;3192;3025;-167
MG;30002;Ibituruna;2866;2698;-168
MA;9304;Presidente Vargas;10717;10549;-168
PI;1002;Arraial;4688;4520;-168
PR;28658;Virmond;3979;3811;-168
MG;6655;Berizal;4370;4201;-169
PI;9872;São João da Fronteira;5691;5522;-169
SP;47007;Santa Maria da Serra;5413;5243;-170
SC;16107;São Domingos;9396;9226;-170
SE;7204;Siriri;8004;7834;-170
PB;9602;Monte Horebe;4508;4338;-170
RN;5504;Jardim de Angicos;2607;2437;-170
RS;23507;Vista Alegre;2832;2660;-172
RS;18051;São Domingos do Sul;2926;2754;-172
PI;7603;Parnaguá;10276;10103;-173
GO;9408;Guarani de Goiás;4258;4085;-173
RN;13409;Serra Negra do Norte;7770;7597;-173
TO;11506;Jaú do Tocantins;3507;3334;-173
PB;4157;Casserengue;7062;6889;-173
GO;3962;Buritinópolis;3319;3145;-174
RN;3905;Francisco Dantas;2874;2700;-174
RS;14787;Ponte Preta;1750;1575;-175
SP;37008;Pedregulho;15700;15525;-175
MG;42205;Miraí;13808;13633;-175
PR;6100;Conselheiro Mairinck;3636;3461;-175
MG;18502;Consolação;1738;1563;-175
TO;18451;Pugmil;2369;2193;-176
PB;9008;Manaíra;10610;10434;-176
SP;25805;Júlio Mesquita;4430;4254;-176
RN;11007;Rodolfo Fernandes;4418;4242;-176
PI;9302;Santa Luz;5513;5336;-177
PB;1153;Areia de Baraúnas;2183;2005;-178
SP;27256;Lourdes;2128;1950;-178
BA;1353;Andorinha;15190;15012;-178
GO;5703;Córrego do Ouro;2632;2454;-178
PB;13802;Santa Teresinha;4581;4402;-179
GO;159;Adelândia;2477;2297;-180
PB;11608;Pilões;6995;6815;-180
SP;33254;Novais;4592;4412;-180
RS;6452;Dois Lajeados;3278;3097;-181
RS;3608;Cambará do Sul;6542;6361;-181
RS;9258;Guabiju;1598;1417;-181
RS;2154;Boa Vista das Missões;2114;1933;-181
RS;12450;Morro Redondo;6227;6046;-181
PI;9401;Santo Antônio de Lisboa;6020;5839;-181
PB;17209;Vieirópolis;5045;4864;-181
AL;7800;Roteiro;6656;6474;-182
SP;54607;Timburi;2646;2464;-182
MG;61056;São Félix de Minas;3382;3200;-182
SP;28106;Macaubal;7663;7481;-182
MG;68200;Tapiraí;1873;1690;-183
PI;7355;Pajeú do Piauí;3183;3000;-183
TO;20309;São Sebastião do Tocantins;4283;4100;-183
SP;42701;Restinga;6587;6404;-183
RS;9803;Ibiaçá;4710;4527;-183
RN;604;Almino Afonso;4871;4687;-184
GO;9291;Guaraíta;2372;2188;-184
CE;4806;Granjeiro;5025;4841;-184
PE;11533;Quixaba;6739;6554;-185
MA;9205;Presidente Juscelino;11541;11356;-185
RN;7500;Maxaranguape;10441;10255;-186
PR;14906;Marilândia do Sul;8863;8677;-186
TO;3826;Cachoeirinha;2148;1961;-187
MG;61700;São Gonçalo do Abaeté;7562;7375;-187
MG;38658;Lontra;8977;8790;-187
MG;1904;Alpinópolis;18488;18300;-188
BA;18100;Jeremoabo;37814;37626;-188
MG;25309;Faria Lemos;3376;3188;-188
SE;5505;Poço Verde;21983;21794;-189
MG;52204;Porteirinha;37627;37438;-189
PI;3420;Domingos Mourão;4264;4075;-189
ES;3601;Mucurici;5655;5466;-189
PI;10656;Sigefredo Pacheco;9649;9460;-189
PE;7703;Itapetim;13980;13791;-189
MG;38682;Luislândia;6400;6210;-190
RS;12609;Muçum;4791;4601;-190
MG;9808;Cachoeira Dourada;2505;2315;-190
RS;10405;Independência;6618;6427;-191
SP;49003;São Francisco;2793;2602;-191
MG;42502;Monjolos;2360;2169;-191
PE;3702;Canhotinho;24521;24329;-192
RO;320;São Miguel do Guaporé;21828;21635;-193
PR;17404;Ourizona;3380;3187;-193
MG;55405;Rio Novo;8712;8518;-194
RS;22301;Tuparendi;8557;8363;-194
MG;23106;Dores de Guanhães;5223;5029;-194
BA;12400;Ibipeba;16798;16603;-195
SP;31001;Monções;2132;1937;-195
PI;8551;Porto Alegre do Piauí;2559;2364;-195
PI;9104;Santa Cruz do Piauí;6027;5831;-196
SE;5000;Pedra Mole;2974;2778;-196
RS;8706;Gaurama;5862;5665;-197
ES;2603;Iconha;12523;12326;-197
MG;72202;Wenceslau Braz;2553;2356;-197
PR;16604;Nova América da Colina;3478;3280;-198
PB;5709;Dona Inês;10579;10380;-199
GO;11305;Itarumã;6300;6101;-199
PE;8008;Jataúba;16042;15843;-199
RS;22186;Tupanci do Sul;1573;1374;-199
PE;8602;Lagoa do Ouro;12132;11933;-199
MG;16902;Comendador Gomes;2972;2773;-199
GO;14861;Nova Glória;8509;8310;-199
MG;66006;Senhora de Oliveira;5683;5483;-200
PE;12471;Santa Cruz da Baixa Verde;11768;11567;-201
PR;26405;Sertaneja;5817;5616;-201
BA;603;Aiquara;4648;4447;-201
MG;2308;Alvinópolis;15261;15059;-202
PI;9856;São João da Canabrava;4445;4242;-203
RS;15321;Quevedos;2710;2507;-203
GO;3575;Bonópolis;3503;3299;-204
RN;9100;Passa e Fica;11100;10896;-204
MG;45604;Oliveira;39466;39262;-204
MG;65305;São Vicente de Minas;7008;6804;-204
MA;11904;Sucupira do Norte;10444;10238;-206
PB;3407;Cacimba de Areia;3498;3291;-207
SP;54656;Torre de Pedra;2254;2046;-208
PI;8874;Ribeira do Piauí;4263;4055;-208
TO;16703;Colméia;9150;8941;-209
MG;56403;Romaria;3596;3386;-210
SC;15505;Santa Cecília;15757;15546;-211
BA;16500;Itapicuru;31891;31679;-212
RJ;605;Bom Jesus do Itabapoana;35385;35173;-212
RS;2220;Boa Vista do Cadeado;2441;2229;-212
BA;21302;Milagres;11283;11071;-212
BA;22508;Nazaré;27273;27060;-213
PB;5303;Curral Velho;2505;2292;-213
BA;15205;Itagibá;15523;15310;-213
MG;4403;Argirita;2901;2688;-213
PR;28807;Xambrê;6012;5798;-214
MG;50802;Piranga;17232;17018;-214
TO;18881;Santa Maria do Tocantins;2894;2680;-214
SP;402;Águas da Prata;7584;7369;-215
PR;23956;Santa Mônica;3571;3356;-215
SP;42206;Rancharia;28804;28588;-216
MT;3957;Glória D'Oeste;3121;2905;-216
SC;19150;Vargem;2843;2627;-216
SP;53104;Taiaçu;5894;5677;-217
AL;6000;Olivença;11029;10812;-217
SC;19176;Vargem Bonita;4793;4576;-217
GO;9606;Heitoraí;3571;3354;-217
GO;16403;Paraúna;10876;10659;-217
TO;8304;Goianorte;4956;4738;-218
PB;1575;Barra de Santana;8278;8059;-219
MG;52131;Ponto Chique;3966;3747;-219
MS;6259;Novo Horizonte do Sul;4940;4721;-219
MG;60207;Santo Antônio do Itambé;4135;3915;-220
SC;11058;Monte Carlo;9337;9117;-220
PI;11704;Wall Ferraz;4280;4059;-221
BA;18753;Lagoa Real;14326;14105;-221
CE;1505;Arneiroz;7650;7429;-221
SC;2099;Barra Bonita;1889;1668;-221
MG;12059;Cantagalo;4195;3974;-221
MG;19609;Coronel Pacheco;2983;2762;-221
RS;3806;Campinas do Sul;5506;5284;-222
GO;8103;Formoso;4883;4660;-223
TO;21307;Tupiratins;2097;1874;-223
MG;27370;Goiabeira;3053;2830;-223
AL;8808;São Sebastião;32010;31786;-224
BA;12608;Ibiquera;3949;3725;-224
RS;10462;Ipiranga do Sul;1944;1720;-224
SP;10807;Casa Branca;28307;28083;-224
RS;34;Aceguá;4394;4170;-224
RS;11130;Jari;3573;3349;-224
PE;15102;Terezinha;6737;6513;-224
SP;49607;São José do Barreiro;4077;3853;-224
PA;7102;São Caetano de Odivelas;16891;16666;-225
PB;7903;Juripiranga;10237;10012;-225
PB;11905;Pitimbu;16976;16751;-225
PB;13968;São Domingos;2820;2595;-225
RS;23754;Vitória das Missões;3485;3260;-225
RS;2055;Benjamin Constant do Sul;2307;2082;-225
GO;16007;Panamá;2681;2455;-226
SC;3402;Campo Belo do Sul;7483;7257;-226
BA;14653;Itabela;28391;28165;-226
SP;42800;Ribeira;3358;3132;-226
MA;4206;Fortuna;17203;16976;-227
RS;10751;Ivorá;2156;1929;-227
RS;17251;Santa Tereza;1732;1505;-227
TO;15259;Novo Jardim;2457;2230;-227
SE;3104;Itabi;4972;4745;-227
TO;3206;Bernardo Sayão;4456;4229;-227
MS;2001;Batayporã;10939;10712;-227
MG;26208;Formoso;8177;7949;-228
RS;14308;Pejuçara;3973;3745;-228
CE;11355;Quixelô;16139;15910;-229
MT;7750;Salto do Céu;3908;3679;-229
PR;21356;Rancho Alegre D'Oeste;2847;2618;-229
CE;7502;Lavras da Mangabeira;31032;30802;-230
TO;18550;Riachinho;4191;3960;-231
RS;6924;Engenho Velho;1527;1296;-231
PR;7751;Figueira;8293;8062;-231
MS;7554;Santa Rita do Pardo;7259;7027;-232
RS;2378;Bom Progresso;2328;2096;-232
RS;7203;Erval Grande;5163;4930;-233
PR;24202;Santo Antônio do Caiuá;2727;2493;-234
PA;4455;Medicilândia;27328;27094;-234
MG;19005;Cordislândia;3435;3200;-235
PB;14800;São José dos Cordeiros;3646;3411;-235
PI;2075;Cajazeiras do Piauí;3343;3108;-235
RS;3707;Campina das Missões;6117;5882;-235
AP;212;Cutias;4696;4461;-235
RS;3400;Caiçara;5071;4836;-235
PR;10656;Iracema do Oeste;2578;2343;-235
MT;4500;Indiavaí;2449;2213;-236
MS;7307;Rio Negro;5077;4841;-236
BA;9208;Coronel João Sá;17293;17056;-237
MG;59308;Santa Rita de Jacutinga;4993;4755;-238
RS;15313;Quatro Irmãos;1790;1552;-238
MG;62807;São João Evangelista;15553;15315;-238
RS;5835;Coqueiro Baixo;1528;1290;-238
RS;9704;Humaitá;4919;4681;-238
SP;28700;Marabá Paulista;4812;4573;-239
RS;4853;Carlos Gomes;1607;1368;-239
MG;26802;Frei Gaspar;5879;5640;-239
PE;14006;Serrita;18446;18207;-239
GO;15652;Palestina de Goiás;3371;3132;-239
MA;6805;Mirinzal;14218;13978;-240
BA;11253;Gavião;4600;4360;-240
GO;15256;Novo Planalto;3956;3716;-240
MG;63409;São José do Goiabal;5636;5396;-240
RS;15453;Relvado;2037;1796;-241
CE;4657;Graça;14042;13801;-241
MG;25804;Fernandes Tourinho;3030;2789;-241
PI;1606;Beneditinos;10170;9929;-241
RS;4309;Cândido Godói;6535;6294;-241
SE;1603;Cedro de São João;5633;5391;-242
PB;15807;Serra Redonda;7070;6828;-242
PR;6555;Corumbataí do Sul;4002;3760;-242
BA;7004;Cardeal da Silva;8609;8365;-244
RS;5116;Centenário;2965;2721;-244
RN;4903;Itaú;5564;5320;-244
ES;3700;Muniz Freire;18397;18153;-244
PR;2802;Bela Vista do Paraíso;15079;14833;-246
TO;14203;Natividade;9000;8754;-246
RS;5850;Coqueiros do Sul;2457;2211;-246
MG;5202;Bandeira;4987;4741;-246
GO;14051;Mundo Novo;6435;6189;-246
MG;2803;Andrelândia;12173;11927;-246
MG;7000;Biquinhas;2630;2383;-247
MS;2308;Brasilândia;11826;11579;-247
CE;9300;Nova Russas;30947;30699;-248
PA;2509;Chaves;21005;20757;-248
PI;3404;Dom Expedito Lopes;6569;6320;-249
GO;4409;Caiapônia;16762;16513;-249
MG;43609;Morro da Garça;2660;2411;-249
SP;14106;Dois Córregos;24761;24510;-251
AM;86;Anamã;10214;9962;-252
MG;20003;Córrego Novo;3127;2875;-252
SP;21200;Iporanga;4299;4046;-253
SP;29104;Marinópolis;2113;1860;-253
BA;6907;Caravelas;20833;20580;-253
PI;4600;Hugo Napoleão;3771;3518;-253
PB;13984;São Francisco;3391;3137;-254
GO;852;Americano do Brasil;5513;5259;-254
SP;4909;Bananal;10223;9969;-254
MA;5203;Igarapé Grande;10485;10231;-254
RS;15958;Rolador;2546;2291;-255
PI;10375;São Luis do Piauí;2564;2309;-255
MG;46909;Papagaios;14175;13920;-255
RS;9126;Gramado dos Loureiros;2269;2014;-255
RN;10256;Porto do Mangue;5484;5228;-256
SP;20004;Igaraçu do Tietê;23362;23106;-256
SP;32058;Motuca;4290;4034;-256
RS;23200;Victor Graeff;3036;2780;-256
ES;4401;Rio Novo do Sul;11325;11069;-256
RS;6379;Dilermando de Aguiar;3063;2806;-257
BA;26509;Ribeira do Amparo;14098;13841;-257
MG;15102;Cássia;17412;17155;-257
MT;3601;Dom Aquino;8129;7872;-257
RS;10413;Inhacorá;2272;2014;-258
PR;7801;Floraí;5050;4792;-258
MG;71808;Virginópolis;10572;10314;-258
PB;5105;Cuité;19978;19719;-259
MG;46206;Ouro Verde de Minas;6016;5757;-259
PR;16406;Nossa Senhora das Graças;3928;3669;-259
PE;4304;Cedro;10778;10518;-260
SE;1405;Carira;20199;19939;-260
SP;1103;Alto Alegre;4102;3841;-261
RS;3301;Caibaté;4967;4704;-263
PR;22800;Salgado Filho;4338;4075;-263
SC;4178;Cerro Negro;3581;3317;-264
RS;21634;Três Arroios;2855;2591;-264
SE;7006;São Miguel do Aleixo;3698;3434;-264
SP;36000;Parapuã;10844;10580;-264
RN;13607;Severiano Melo;5752;5487;-265
SP;15806;Flora Rica;1752;1487;-265
RS;3202;Cacique Doble;4868;4603;-265
RS;18424;São João da Urtiga;4726;4461;-265
BA;19108;Lamarão;9281;9015;-266
SP;44202;Riolândia;10575;10309;-266
MG;43708;Morro do Pilar;3399;3133;-266
MG;18700;Coqueiral;9289;9023;-266
PB;8109;Lagoa;4681;4415;-266
MG;37908;Lamim;3452;3184;-268
PI;9955;São João da Varjota;4651;4383;-268
PI;5003;Itainópolis;11059;10790;-269
MG;1805;Alpercata;7172;6903;-269
MG;63003;São José da Safira;4075;3806;-269
RS;1552;Áurea;3665;3396;-269
PR;6852;Cruzmaltina;3162;2892;-270
SP;15905;Floreal;3003;2733;-270
MA;7308;Nova Iorque;4590;4320;-270
RS;11759;Manoel Viana;7072;6801;-271
SC;7759;Iraceminha;4257;3986;-271
BA;20007;Maiquinique;9004;8731;-273
SP;38907;Pirajuí;22704;22431;-273
SP;38303;Piquerobi;3537;3264;-273
RS;13334;Nova Ramada;2437;2163;-274
CE;12106;Santana do Cariri;17228;16954;-274
PI;1804;Bocaina;4353;4078;-275
SP;51801;Sete Barras;13005;12730;-275
MG;43153;Monte Formoso;4656;4381;-275
PI;7207;Padre Marcos;6657;6382;-275
PR;7009;Curiúva;13923;13647;-276
MA;4404;Gonçalves Dias;17482;17206;-276
MG;70909;Varzelândia;19116;18840;-276
MA;4628;Governador Luiz Rocha;7340;7063;-277
PR;23204;Santa Cecília do Pavão;3642;3365;-277
PB;14909;São Mamede;7748;7470;-278
BA;504;Érico Cardoso;10882;10604;-278
PR;18808;Peabiru;13624;13346;-278
PR;23824;Santa Lúcia;3923;3644;-279
PI;1408;Barro Duro;6919;6640;-279
BA;24058;Pé de Serra;13523;13243;-280
AL;5101;Matriz de Camaragibe;24137;23857;-280
RN;8706;Paraú;3859;3579;-280
SP;40853;Pracinha;2858;2578;-280
MG;59407;Santa Rita de Ibitipoca;3583;3301;-282
MA;5351;Itaipava do Grajaú;14110;13828;-282
BA;6899;Caraíbas;10222;9940;-282
PB;10204;Nova Olinda;6070;5787;-283
PR;24301;Santo Antônio do Paraíso;2408;2125;-283
MG;24609;Estrela Dalva;2470;2186;-284
ES;2900;Itarana;10881;10597;-284
AL;4005;Junqueiro;24192;23907;-285
TO;10508;Itacajá;7104;6819;-285
MG;2852;Angelândia;8003;7718;-285
GO;14101;Mutunópolis;3849;3564;-285
PR;22503;Roncador;11537;11251;-286
SP;13900;Divinolândia;11445;11158;-287
PR;28534;Ventania;9968;9681;-287
RS;13391;Novo Cabrais;3855;3568;-287
RN;2808;Coronel Ezequiel;5405;5117;-288
PR;13759;Lunardelli;5160;4872;-288
SP;19204;Iacri;6419;6131;-288
PE;10509;Passira;28628;28340;-288
PI;3602;Eliseu Martins;4665;4377;-288
MG;10707;Cambuquira;12602;12313;-289
MG;13909;Carmo da Cachoeira;11836;11547;-289
ES;508;Apiacá;7512;7223;-289
RN;9803;Pedro Velho;14114;13824;-290
PI;2851;Coronel José Dias;4541;4250;-291
RS;19109;São Martinho;5773;5481;-292
GO;8509;Goiandira;5265;4973;-292
PB;6103;Fagundes;11341;11049;-292
RS;5603;Colorado;3550;3258;-292
PE;13800;São Vicente Férrer;16969;16677;-292
RS;15073;Porto Vera Cruz;1852;1560;-292
BA;30907;Tabocas do Brejo Velho;12271;11979;-292
PB;3753;Cajazeirinhas;3033;2740;-293
TO;1051;Angico;3170;2876;-294
RS;16436;Saldanha Marinho;2869;2575;-294
RS;20578;Sete de Setembro;2124;1830;-294
RS;10900;Jacutinga;3633;3338;-295
BA;26202;Riachão das Neves;21937;21642;-295
TO;5607;Conceição do Tocantins;4182;3887;-295
SE;5208;Pinhão;5973;5677;-296
MG;61205;São Francisco de Paula;6483;6187;-296
MG;21704;Diogo de Vasconcelos;3848;3549;-299
SP;40903;Pradópolis;17377;17078;-299
MA;10807;São Félix de Balsas;4702;4402;-300
PE;15706;Triunfo;15006;14705;-301
RS;18465;São José do Herval;2204;1902;-302
GO;4904;Campos Belos;18410;18108;-302
RS;22343;Ubiretama;2296;1994;-302
PR;11605;Ivatuba;3010;2708;-302
SP;7407;Borborema;14529;14226;-303
MT;2694;Canabrava do Norte;4788;4485;-303
PI;10979;Tanque do Piauí;2620;2316;-304
MG;22504;Dom Cavati;5209;4904;-305
RN;1602;Bento Fernandes;5113;4807;-306
PB;5907;Emas;3317;3011;-306
PI;10052;São José do Divino;5148;4841;-307
RS;20230;Sede Nova;3011;2704;-307
MA;7001;Montes Altos;9413;9106;-307
RS;1925;Barra do Rio Azul;2003;1696;-307
BA;28950;São Domingos;8734;8426;-308
RS;5355;Charqueadas;35320;35012;-308
MS;3751;Eldorado;11694;11386;-308
BA;12509;Ibipitanga;14171;13863;-308
SE;2403;Gararu;11405;11096;-309
PR;3024;Boa Esperança do Iguaçu;2764;2455;-309
SP;55307;Turmalina;1978;1669;-309
PR;7702;Fênix;4802;4492;-310
PB;5808;Duas Estradas;3638;3327;-311
MS;7935;Sonora;14827;14516;-311
PB;13356;Santa Inês;3539;3227;-312
RS;11718;Maçambará;4738;4425;-313
MG;35209;Januária;65463;65150;-313
GO;21080;Teresina de Goiás;3016;2701;-315
SP;45605;Santa Adélia;14333;14018;-315
PE;16183;Vertente do Lério;7873;7558;-315
MA;5922;Lagoa do Mato;10887;10572;-315
MG;10400;Camacho;3154;2838;-316
PB;5600;Diamante;6616;6299;-317
RS;2303;Bom Jesus;11519;11202;-317
RS;22350;União da Serra;1487;1170;-317
MG;11903;Cana Verde;5589;5272;-317
PB;13505;Santana de Mangueira;5328;5010;-318
BA;29107;São Felipe;20601;20283;-318
SE;6602;Santo Amaro das Brotas;11410;11092;-318
SP;41109;Presidente Alves;4123;3804;-319
MG;57401;Santa Cruz do Escalvado;4992;4673;-319
RS;10850;Jaboticaba;4098;3779;-319
TO;14880;Nova Olinda;10686;10367;-319
RS;9902;Ibiraiaras;7095;6776;-319
SC;15687;Santa Terezinha do Progresso;2896;2576;-320
BA;32002;Uauá;24985;24665;-320
PI;9351;Santana do Piauí;4445;4125;-320
AL;706;Batalha;16769;16448;-321
PB;4207;Catingueira;4812;4491;-321
AL;6208;Palestina;4646;4325;-321
CE;1802;Baixio;6026;5704;-322
RS;6700;Dona Francisca;3401;3079;-322
PR;19301;Pinhão;30208;29886;-322
BA;24652;Pintadas;10649;10325;-324
PR;12504;Jardim Alegre;12328;12004;-324
TO;17800;Ponte Alta do Bom Jesus;4544;4220;-324
MG;39250;Mamonas;6321;5997;-324
PR;24905;São João do Caiuá;5911;5586;-325
MG;60454;Santo Antônio do Retiro;6955;6629;-326
BA;22755;Nova Ibiá;6827;6501;-326
RS;14209;Pedro Osório;7811;7484;-327
GO;10307;Israelândia;2887;2560;-327
AL;5200;Messias;15733;15405;-328
CE;4277;Ereré;6802;6474;-328
SP;27702;Luiziânia;5030;4701;-329
PI;53;Acauã;6749;6420;-329
MG;31802;Itabirinha;10692;10362;-330
RN;901;Antônio Martins;6907;6577;-330
PI;5599;Lagoa do Sítio;4850;4520;-330
PR;28302;Uniflor;2466;2136;-330
PB;12747;Riachão;3258;2927;-331
GO;2353;Arenópolis;3277;2946;-331
MG;33501;Itapecerica;21377;21046;-331
PA;3077;Garrafão do Norte;25034;24703;-331
MG;71501;Mathias Lobato;3370;3038;-332
MG;31406;Ipiaçu;4107;3775;-332
MG;4106;Arceburgo;9509;9177;-332
GO;21452;Trombas;3452;3120;-332
PR;1309;Antônio Olinto;7351;7018;-333
SC;15356;Saltinho;3966;3632;-334
MG;8206;Bonfinópolis de Minas;5865;5528;-337
RS;9951;Ibirapuitã;4061;3723;-338
SC;1000;Anita Garibaldi;8623;8285;-338
TO;7553;Fátima;3805;3467;-338
RS;20453;Sério;2279;1941;-338
PR;7124;Diamante do Sul;3510;3171;-339
MG;20409;Cristiano Otoni;5007;4667;-340
SC;804;Anchieta;6283;5943;-340
MA;9403;Primeira Cruz;13954;13614;-340
SP;19501;Ibirarema;6725;6385;-340
MG;12653;Capitão Andrade;4925;4585;-340
RS;19125;São Martinho da Serra;3201;2860;-341
BA;1403;Angical;14073;13732;-341
RO;908;Castanheiras;3575;3233;-342
MG;27057;Fronteira dos Vales;4687;4345;-342
MA;7902;Passagem Franca;17562;17220;-342
GO;13772;Montividiu do Norte;4122;3779;-343
RS;19802;São Vicente do Sul;8440;8097;-343
MG;61650;São Geraldo do Baixio;3486;3143;-343
MG;43203;Monte Santo de Minas;21234;20890;-344
SC;11801;Ouro;7376;7032;-344
TO;7306;Dueré;4592;4248;-344
MT;4906;Jangada;7771;7426;-345
MG;36801;Juramento;4113;3768;-345
MG;27339;Gameleiras;5139;4793;-346
MG;3009;Antônio Dias;9565;9219;-346
RS;5447;Chuvisca;4944;4597;-347
TO;18501;Recursolândia;3768;3421;-347
RS;1909;Barra do Ribeiro;12572;12225;-347
MT;8808;Nova Guarita;4937;4590;-347
MA;11078;São João do Soter;17238;16889;-349
GO;13905;Mossâmedes;5003;4654;-349
BA;9109;Coribe;14339;13990;-349
PR;25308;São Jorge do Ivaí;5517;5168;-349
RS;8250;Floriano Peixoto;2018;1668;-350
PR;4600;Capitão Leônidas Marques;14998;14648;-350
MG;27602;Gouveia;11681;11331;-350
PR;14351;Manfrinópolis;3120;2770;-350
MA;5104;Icatu;25145;24794;-351
MG;15409;Catas Altas da Noruega;3462;3110;-352
RS;12005;Mariano Moro;2210;1858;-352
MG;65107;São Tomás de Aquino;7093;6740;-353
PE;12000;Sairé;11240;10887;-353
MG;59100;Santana dos Montes;3822;3469;-353
MG;64803;São Sebastião do Rio Preto;1613;1259;-354
MS;5004;Jardim;24335;23981;-354
MG;13107;Caranaíba;3288;2933;-355
PI;5102;Itaueira;10678;10323;-355
GO;21502;Turvânia;4835;4480;-355
CE;3105;Cariré;17987;17632;-355
PI;4204;Francisco Santos;8592;8237;-355
MG;63508;São José do Jacuri;6553;6197;-356
BA;27903;Santa Inês;10656;10300;-356
RS;22103;Tucunduva;5898;5542;-356
SC;5605;Galvão;3567;3210;-357
SP;16903;General Salgado;10669;10312;-357
GO;2155;Araguapaz;7510;7153;-357
PI;10623;Sebastião Barros;3560;3202;-358
RS;18457;São José das Missões;2720;2362;-358
RS;23457;Vila Nova do Sul;4221;3863;-358
TO;2406;Arraias;10645;10287;-358
PR;5102;Centenário do Sul;11190;10832;-358
RS;6353;Dezesseis de Novembro;2866;2507;-359
PI;9153;Santa Cruz dos Milagres;3794;3435;-359
BA;7806;Cícero Dantas;31266;30907;-359
SP;8900;Caiabu;4072;3712;-360
PR;8551;Godoy Moreira;3337;2977;-360
MG;26604;Francisco Dumont;4863;4503;-360
SC;2875;Brunópolis;2850;2489;-361
MG;57302;Santa Bárbara do Tugúrio;4570;4208;-362
MS;2803;Caracol;5398;5036;-362
RS;6304;David Canabarro;4683;4321;-362
MG;15474;Catuti;5102;4739;-363
SP;2606;Aparecida d'Oeste;4450;4086;-364
SP;907;Altair;3815;3451;-364
GO;3104;Baliza;3715;3351;-364
TO;15754;Palmeirópolis;7339;6975;-364
RS;19158;São Miguel das Missões;7421;7056;-365
PR;27809;Tomazina;8791;8426;-365
RN;13706;Sítio Novo;5020;4654;-366
SC;9706;Lebon Régis;11838;11472;-366
BA;33000;Valente;24730;24362;-368
RS;19703;São Valentim;3632;3264;-368
MG;71071;Veredinha;5549;5181;-368
RN;7302;Marcelino Vieira;8265;7896;-369
SC;2503;Bom Jardim da Serra;4395;4026;-369
TO;3891;Carrasco Bonito;3688;3318;-370
BA;9604;Crisópolis;20099;19729;-370
GO;2601;Aurilândia;3654;3284;-370
PR;21703;Reserva;24943;24573;-370
MG;63300;São José do Divino;3834;3464;-370
SP;24204;Jaborandi;6592;6221;-371
GO;12956;Matrinchã;4414;4042;-372
SP;27801;Lupércio;4353;3981;-372
PB;2300;Bom Sucesso;5035;4661;-374
PR;7108;Diamante do Norte;5516;5142;-374
BA;1700;Antônio Cardoso;11521;11146;-375
BA;12905;Ibirataia;19168;18792;-376
PB;1302;Aroeiras;19082;18705;-377
MT;6216;Nova Canaã do Norte;12084;11707;-377
PR;15101;Mariluz;10224;9847;-377
MG;8701;Brás Pires;4637;4260;-377
PB;11103;Pedra Lavrada;7236;6859;-377
SP;48401;Santópolis do Aguapeí;4277;3899;-378
AL;3403;Jacaré dos Homens;5461;5083;-378
SP;23008;Itapura;4357;3979;-378
MG;61403;São Francisco do Glória;5178;4800;-378
PR;27304;Terra Rica;15221;14842;-379
PR;4055;Campo Bonito;4407;4027;-380
AL;102;Água Branca;19389;19008;-381
PI;10904;Socorro do Piauí;4522;4141;-381
MG;19104;Corinto;23914;23532;-382
SC;13401;Ponte Serrada;11031;10649;-382
GO;20207;São Miguel do Araguaia;22283;21900;-383
MG;46552;Pai Pedro;5934;5551;-383
RS;21493;Toropi;2938;2554;-384
MG;31505;Ipuiúna;9521;9135;-386
ES;4955;São Roque do Canaã;11273;10886;-387
PR;9203;Guaraci;5135;4748;-387
MG;25606;Felisburgo;6877;6489;-388
RS;9571;Herveiras;2954;2565;-389
MG;32602;Itamarati de Minas;4079;3690;-389
RN;11106;Ruy Barbosa;3595;3206;-389
TO;1903;Araguacema;6317;5927;-390
RN;8409;Olho d'Água do Borges;4295;3905;-390
SC;12270;Passos Maia;4425;4034;-391
PI;8106;Pimenteiras;11733;11341;-392
MG;45372;Novorizonte;4963;4571;-392
MG;58805;Santana do Jacaré;4607;4214;-393
SC;4459;Coronel Martins;2458;2065;-393
PR;18303;Paranapoema;2791;2398;-393
PR;13403;Leópolis;4145;3752;-393
MG;12208;Capela Nova;4755;4362;-393
PE;6705;Ibirajuba;7534;7140;-394
PB;14206;São José da Lagoa Tapada;7520;7126;-394
SC;12106;Palmitos;16020;15626;-394
MG;15201;Conceição da Barra de Minas;3954;3560;-394
MG;54002;Raul Soares;23818;23423;-395
RS;6957;Entre Rios do Sul;3080;2685;-395
GO;14903;Nova Roma;3471;3076;-395
PB;3308;Cachoeira dos Índios;9546;9151;-395
RS;15404;Redentora;10135;9738;-397
PB;6608;Ibiara;6031;5631;-400
RN;12807;São Rafael;8111;7711;-400
AL;7602;Quebrangulo;11480;11080;-400
RS;15057;Porto Mauá;2542;2142;-400
PB;908;Arara;12613;12212;-401
PI;6902;Novo Oriente do Piauí;6498;6097;-401
MG;52907;Pratápolis;8807;8406;-401
MG;4502;Arinos;17674;17272;-402
SP;28908;Mariápolis;3916;3513;-403
PI;10102;São José do Peixe;3700;3297;-403
RN;5405;Japi;5522;5117;-405
RS;20651;Silveira Martins;2434;2028;-406
BA;33604;Xique-Xique;45164;44757;-407
MG;69505;Tumiritinga;6293;5886;-407
MG;46404;Paineiras;4631;4224;-407
ES;102;Afonso Cláudio;31091;30684;-407
RS;10579;Itapuca;2344;1937;-407
SP;21507;Irapuã;7275;6867;-408
CE;11603;Redenção;27622;27214;-408
MG;17702;Conceição do Rio Verde;12949;12541;-408
TO;15002;Nova Rosalândia;3770;3362;-408
PR;23105;Santa Amélia;3803;3394;-409
PA;3507;Irituia;31364;30955;-409
PI;905;Aroazes;5779;5369;-410
RS;11239;Lagoa Bonita do Sul;2662;2251;-411
MA;12902;Vitória do Mearim;31217;30805;-412
MG;65560;Sem-Peixe;2847;2433;-414
RN;13904;Taipu;11836;11422;-414
MG;8909;Brazópolis;14661;14246;-415
PR;20101;Porto Amazonas;4514;4098;-416
BA;19009;Lajedinho;3943;3527;-416
CE;101;Abaiara;10456;10038;-418
PE;3603;Camutanga;8168;7750;-418
BA;7558;Caturama;9260;8841;-419
PI;4907;Isaías Coelho;8193;7774;-419
GO;7105;Diorama;2481;2062;-419
PE;3405;Calumbi;5648;5228;-420
MA;11953;Sucupira do Riachão;5406;4985;-421
MT;3700;Feliz Natal;10942;10521;-421
MG;5004;Baldim;7913;7492;-421
MG;4809;Augusto de Lima;4960;4538;-422
PI;8809;Regeneração;17556;17133;-423
PR;15457;Marquinho;4928;4504;-424
MT;6851;Porto Estrela;3649;3224;-425
MS;5103;Jateí;4011;3586;-425
MA;3901;Duque Bacelar;10649;10223;-426
BA;18209;Jiquiriçá;14055;13629;-426
MS;4106;Guia Lopes da Laguna;10366;9940;-426
MG;63805;São Miguel do Anta;6760;6334;-426
RS;12104;Mata;5125;4698;-427
SP;17109;Glicério;4565;4138;-427
MG;66501;Serra Azul de Minas;4220;3792;-428
RO;130;Machadinho D'Oeste;31135;30707;-428
RS;7559;Estação;6011;5582;-429
MG;35506;Jequeri;12848;12419;-429
MG;66105;Senhora do Porto;3497;3067;-430
AL;5309;Minador do Negrão;5275;4845;-430
MG;2506;Amparo do Serra;4972;4541;-431
MG;19807;Córrego Danta;3391;2960;-431
MT;6273;Novo Horizonte do Norte;3780;3349;-431
MG;104;Abadia dos Dourados;6704;6272;-432
MG;6804;Bias Fortes;3793;3361;-432
PI;2026;Buriti dos Montes;7866;7434;-432
SP;45001;Salesópolis;15635;15202;-433
RJ;2809;Mendes;17935;17502;-433
PR;7553;Farol;3472;3039;-433
RS;2600;Braga;3702;3268;-434
PR;7850;Flor da Serra do Sul;4798;4364;-434
SP;10005;Cândido Mota;29884;29449;-435
TO;4105;Centenário;2566;2131;-435
MA;9759;Santa Filomena do Maranhão;7133;6697;-436
PB;8703;Mãe d'Água;4019;3583;-436
RN;4309;Governador Dix-Sept Rosado;12374;11938;-436
AL;7107;Piranhas;23045;22609;-436
RS;20602;Severiano de Almeida;3842;3406;-436
RN;109;Acari;11035;10597;-438
BA;15908;Itanagra;6352;5914;-438
RS;6320;Derrubadas;3190;2751;-439
PI;2778;Colônia do Piauí;7433;6994;-439
BA;28208;Santana;25194;24755;-439
TO;15150;Novo Alegre;2286;1846;-440
MT;102;Acorizal;5454;5014;-440
AL;2702;Feliz Deserto;4403;3963;-440
RJ;1108;Cantagalo;19830;19390;-440
MA;11631;São Raimundo do Doca Bezerra;6090;5650;-440
BA;7608;Central;16789;16348;-441
PR;9500;Guaraqueçaba;7871;7430;-441
BA;27606;Santa Brígida;15407;14965;-442
BA;19157;Lapão;26178;25736;-442
MG;53202;Presidente Juscelino;3908;3465;-443
PR;21307;Rancho Alegre;3955;3512;-443
MG;49150;Pedras de Maria da Cruz;10876;10433;-443
MA;2309;Buriti Bravo;22899;22455;-444
RS;16105;Ronda Alta;10221;9777;-444
GO;16908;Pilar de Goiás;2773;2328;-445
PR;14401;Mangueirinha;17048;16603;-445
GO;7600;Fazenda Nova;6322;5877;-445
RS;10553;Itacurubi;3441;2995;-446
MG;57609;Santa Fé de Minas;3968;3522;-446
MT;8105;Tesouro;3472;3025;-447
PR;20408;Presidente Castelo Branco;4784;4336;-448
RO;1476;Primavera de Rondônia;3524;3076;-448
SP;32108;Murutinga do Sul;4186;3737;-449
SP;3604;Areiópolis;10579;10130;-449
MT;7156;Reserva do Cabaçal;2572;2122;-450
PB;2607;Igaracy;6099;5648;-451
MG;36405;Joaquim Felício;4305;3854;-451
SP;47601;Santa Rosa de Viterbo;23862;23411;-451
PE;13305;São Joaquim do Monte;20488;20037;-451
GO;8301;Divinópolis de Goiás;4909;4457;-452
PR;707;Alto Piquiri;10179;9727;-452
PR;10300;Inajá;2988;2536;-452
AL;9004;Tanque d'Arca;6249;5796;-453
BA;18803;Laje;21505;21052;-453
SC;408;Água Doce;6961;6508;-453
AL;6406;Pão de Açúcar;24277;23823;-454
RS;22376;Unistalda;2450;1995;-455
PB;2904;Brejo dos Santos;6198;5742;-456
SE;5307;Pirambu;8369;7913;-456
SC;13302;Ponte Alta;4894;4437;-457
SC;11108;Monte Castelo;8194;7736;-458
RN;5702;Jardim do Seridó;12113;11655;-458
RO;1500;Seringueiras;11629;11171;-458
PR;20309;Porto Vitória;4020;3562;-458
TO;22081;Wanderlândia;10981;10522;-459
RN;12708;São Pedro;6235;5776;-459
SP;10708;Cardoso;11805;11345;-460
TO;3701;Brejinho de Nazaré;5185;4725;-460
RN;3400;Equador;5822;5360;-462
MG;52170;Ponto dos Volantes;11345;10883;-462
MG;38351;Leme do Prado;4804;4341;-463
PE;7653;Itambé;35398;34935;-463
BA;19405;Licínio de Almeida;12297;11834;-463
RN;10702;Riacho da Cruz;3165;2701;-464
SP;22802;Itaporanga;14549;14085;-464
PR;21901;Ribeirão do Pinhal;13524;13060;-464
BA;18555;Jussari;6353;5888;-465
PR;18709;Paulo Frontin;6808;6343;-465
BA;3607;Biritinga;15612;15146;-466
RS;10876;Jacuizinho;2507;2040;-467
MG;64100;São Pedro do Suaçuí;5570;5103;-467
AL;4906;Mar Vermelho;3623;3155;-468
MG;2209;Alvarenga;4444;3975;-469
PI;2109;Campinas do Piauí;5408;4938;-470
MG;28204;Guaraciaba;10223;9753;-470
PR;7157;Diamante D'Oeste;5027;4557;-470
PB;13109;Salgado de São Félix;11976;11505;-471
RJ;6206;Vassouras;34447;33976;-471
PR;25407;São José da Boa Vista;6511;6040;-471
CE;9003;Mucambo;14138;13666;-472
GO;4250;Cachoeira Dourada;8254;7782;-472
MT;7263;Santo Afonso;2991;2519;-472
PI;9005;Rio Grande do Piauí;6273;5801;-472
MA;2408;Cajapió;10593;10121;-472
PB;16508;Taperoá;14543;14068;-475
PI;3008;Cristalândia do Piauí;7831;7356;-475
SP;4305;Avaí;4959;4483;-476
PE;14303;Moreilândia;11017;10540;-477
MG;5707;Barra Longa;6143;5666;-477
BA;12004;Ibiassucê;10908;10429;-479
MT;6000;Nortelândia;6436;5956;-480
GO;9804;Hidrolina;4025;3545;-480
PI;7504;Palmeirais;13745;13264;-481
ES;4252;Ponto Belo;6979;6497;-482
RS;15206;Putinga;4229;3747;-482
MG;49952;Periquito;7036;6553;-483
CE;10803;Pereiro;15757;15274;-483
GO;19456;Santa Rita do Novo Destino;3173;2689;-484
RS;4002;Campo Novo;5459;4975;-484
RS;11122;Jaquirana;4177;3690;-487
MG;57377;Santa Cruz de Salinas;4397;3910;-487
RN;10009;Pilões;3453;2965;-488
MG;38906;Machacalis;6976;6487;-489
SC;19606;Xavantina;4142;3653;-489
MG;65503;Sardoá;5594;5104;-490
PB;4801;Coremas;15174;14683;-491
PR;8452;Foz do Jordão;5420;4926;-494
SP;38105;Pindorama;15039;14542;-497
CE;11702;Reriutaba;19103;18606;-497
RS;14555;Pirapó;2757;2260;-497
PI;9377;Santa Rosa do Piauí;5149;4650;-499
MG;38005;Laranjal;6465;5963;-502
TO;3107;Barrolândia;5349;4846;-503
MT;1258;Araputanga;15290;14786;-504
BA;33109;Várzea do Poço;8606;8101;-505
RS;6130;Cruzaltense;2141;1635;-506
PR;24707;São Jerônimo da Serra;11337;10830;-507
PI;2251;Canavieira;3921;3414;-507
PI;5201;Jaicós;18035;17527;-508
SP;18909;Guzolândia;4754;4246;-508
MG;22207;Divinolândia de Minas;7024;6516;-508
SE;3906;Malhador;12042;11533;-509
PR;14005;Mamborê;13961;13452;-509
MA;5005;Humberto de Campos;26189;25680;-509
SP;4206;Auriflama;14202;13692;-510
BA;7301;Castro Alves;25222;24712;-510
BA;10909;Firmino Alves;5384;4873;-511
RJ;902;Cambuci;15128;14616;-512
MG;32107;Itacarambi;17720;17208;-512
SP;14304;Dourado;8609;8096;-513
MG;29657;Ibiracatu;5594;5081;-513
BA;24108;Pedrão;6749;6235;-514
RN;6700;Lajes;10381;9866;-515
RS;19307;São Paulo das Missões;6364;5846;-518
BA;8705;Condeúba;17571;17053;-518
PE;11200;Poção;11019;10500;-519
BA;3953;Bom Jesus da Serra;10249;9730;-519
GO;22203;Vila Boa;4735;4215;-520
BA;26657;Ribeirão do Largo;10260;9740;-520
MT;8055;Terra Nova do Norte;11136;10616;-520
MG;60603;Santo Hipólito;3238;2717;-521
SC;17907;Tangará;8665;8143;-522
RS;11502;Lavras do Sul;7679;7157;-522
PI;251;Alagoinha do Piauí;7341;6819;-522
SC;13609;Porto União;33493;32970;-523
PR;103;Abatiá;7764;7241;-523
SC;2602;Bom Retiro;8942;8418;-524
TO;350;Aliança do Tocantins;5671;5147;-524
PB;13208;Santa Cruz;6471;5947;-524
RN;5900;João Dias;2601;2076;-525
TO;20259;São Salvador do Tocantins;2910;2385;-525
MT;7206;Rio Branco;5060;4535;-525
RS;1800;Barracão;5357;4831;-526
MG;12406;Capetinga;7089;6562;-527
RS;16204;Rondinha;5518;4991;-527
MG;58102;Santa Maria do Salto;5284;4755;-529
MG;48400;Paulistas;4918;4389;-529
RS;12302;Miraguaí;4957;4427;-530
SP;17000;Getulina;10765;10232;-533
PE;14402;Solidão;5744;5210;-534
PA;1758;Brejo Grande do Araguaia;7317;6783;-534
BA;31509;Teofilândia;21710;21176;-534
RN;2907;Coronel João Pessoa;4772;4237;-535
RS;208;Ajuricaba;7255;6720;-535
PB;3605;Caiçara;7139;6602;-537
MA;11250;São José dos Basílios;7496;6957;-539
MG;33758;Itaú de Minas;14945;14406;-539
PR;19004;Pérola d'Oeste;6761;6221;-540
RN;7005;Luís Gomes;9610;9070;-540
MG;58300;Santana da Vargem;7231;6691;-540
AL;904;Belo Monte;6476;5936;-540
BA;6600;Candiba;13557;13016;-541
MG;48509;Pavão;8589;8047;-542
RS;22905;Viadutos;5311;4769;-542
BA;16203;Itapé;10883;10341;-542
GO;10604;Itaguaru;5446;4904;-542
SP;41604;Promissão;35674;35131;-543
ES;2702;Itaguaçu;14134;13589;-545
TO;16307;Pau D'Arco;4588;4043;-545
RS;8656;Garruchos;3234;2688;-546
PB;2102;Boa Ventura;5756;5207;-549
PR;17271;Nova Tebas;7398;6848;-550
BA;1957;Apuarema;7463;6913;-550
PR;15739;Mato Rico;3818;3267;-551
PB;809;Araçagi;17199;16646;-553
BA;21807;Mortugaba;11696;11143;-553
PR;20150;Porto Barreiro;3663;3110;-553
RN;4606;Ielmo Marinho;12171;11615;-556
SP;22703;Itápolis;40051;39493;-558
MG;50000;Pescador;4128;3570;-558
PB;17001;Umbuzeiro;9682;9124;-558
RS;7815;Estrela Velha;3628;3070;-558
GO;9150;Gouvelândia;4949;4390;-559
GO;18102;Portelândia;3839;3280;-559
SE;407;Arauá;10878;10318;-560
MG;57500;Santa Efigênia de Minas;4600;4039;-561
RS;14779;Pontão;3857;3296;-561
RS;7104;Herval;6753;6191;-562
MA;6755;Miranda do Norte;24427;23864;-563
PR;2901;Bituruna;16096;15533;-563
PR;26009;São Sebastião da Amoreira;8626;8063;-563
SP;43501;Riversul;6163;5599;-564
MG;42254;Miravânia;4549;3985;-564
RS;3509;Camaquã;62764;62200;-564
SC;16800;São José do Cerrito;9273;8708;-565
PB;2409;Bonito de Santa Fé;10818;10252;-566
MG;65909;Senador Modestino Gonçalves;4574;4008;-566
MG;59209;Santa Rita de Caldas;9027;8460;-567
BA;21609;Morpará;8563;7996;-567
MG;64506;São Sebastião do Maranhão;10647;10079;-568
SE;5604;Porto da Folha;27146;26576;-570
BA;33257;Vereda;6576;6003;-573
BA;9406;Cotegipe;13636;13063;-573
MG;39607;Mantena;27111;26535;-576
MG;43450;Montezuma;7464;6888;-576
MG;55108;Rio do Prado;5217;4639;-578
PE;13602;São José do Egito;31582;31004;-578
PE;3009;Cabrobó;30873;30294;-579
PR;8601;Goioerê;29018;28437;-581
RN;14506;Umarizal;10659;10078;-581
MG;44672;Nova Belém;3732;3151;-581
PE;7901;Jaboatão dos Guararapes;644620;644037;-583
MG;36520;José Gonçalves de Minas;4553;3969;-584
BA;20403;Manoel Vitorino;14445;13860;-585
GO;18706;Rianápolis;4566;3980;-586
MG;8800;Braúnas;5030;4441;-589
PA;5494;Palestina do Pará;7475;6885;-590
SC;15000;Rio Negrinho;39851;39261;-590
MG;70438;União de Minas;4418;3828;-590
BA;30303;Serra Dourada;17656;17066;-590
ES;1001;Boa Esperança;14199;13608;-591
TO;1309;Aragominas;5882;5290;-592
PB;8000;Juru;9826;9234;-592
SP;56602;Vera Cruz;10769;10176;-593
RS;5124;Cerrito;6402;5808;-594
MG;12000;Candeias;14595;14001;-594
CE;9805;Pacoti;11780;11186;-594
RS;10504;Iraí;8078;7482;-596
CE;8708;Morada Nova;62041;61443;-598
RN;5207;Janduís;5345;4746;-599
MT;3809;Figueirópolis D'Oeste;3787;3187;-600
PB;205;Aguiar;5604;5003;-601
RS;8409;Formigueiro;7014;6413;-601
SP;54409;Terra Roxa;8505;7904;-601
MG;15706;Central de Minas;6772;6171;-601
GO;902;Amorinópolis;3608;3007;-601
SE;4904;Pacatuba;13105;12502;-603
MG;54507;Riacho dos Machados;9360;8756;-604
SP;33304;Nova Luzitânia;3441;2837;-604
SP;2705;Apiaí;25191;24585;-606
PB;16003;Solânea;27380;26774;-606
MG;24807;Estrela do Sul;7446;6840;-606
SE;5901;Riachuelo;9355;8748;-607
GO;3401;Bom Jardim de Goiás;8435;7826;-609
MG;38500;Liberdade;5346;4737;-609
MG;16506;Claro dos Poções;7775;7166;-609
RS;19208;São Nicolau;5727;5118;-609
MT;5580;Marcelândia;12006;11396;-610
PE;1409;Barreiros;40732;40121;-611
MG;48301;Paula Cândido;9271;8659;-612
RS;13607;Paim Filho;4243;3629;-614
MT;3254;Colniza;26381;25766;-615
RS;10439;Ipê;6018;5399;-619
RS;15107;Porto Xavier;10558;9938;-620
RS;23101;Vicente Dutra;5285;4665;-620
AL;5903;Olho d'Água Grande;4950;4330;-620
MG;26307;Fortaleza de Minas;4098;3477;-621
BA;23308;Ouriçangas;8340;7716;-624
SE;4003;Maruim;16343;15719;-624
RS;16303;Roque Gonzales;7203;6576;-627
MG;72103;Volta Grande;5070;4443;-627
PR;27908;Tuneiras do Oeste;8695;8067;-628
BA;9000;Cordeiros;8174;7546;-628
MG;46750;Palmópolis;6931;6301;-630
SP;16606;Gália;7011;6380;-631
MT;6505;Poconé;31848;31217;-631
MG;40605;Materlândia;4595;3963;-632
RO;1559;Teixeirópolis;4888;4256;-632
PE;1300;Barra de Guabiraba;12896;12263;-633
TO;18402;Presidente Kennedy;3681;3047;-634
MG;12604;Capinópolis;15290;14655;-635
BA;18456;Jucuruçu;10290;9655;-635
PR;16802;Nova Cantu;7425;6790;-635
SP;9304;Cajobi;9768;9133;-635
MG;51909;Pocrane;8986;8350;-636
MG;13503;Carbonita;9148;8512;-636
BA;10602;Esplanada;33191;32554;-637
MA;5609;Joselândia;15561;14924;-637
BA;29701;Sátiro Dias;16646;16008;-638
TO;17206;Piraquê;2920;2282;-638
MG;20300;Cristália;5760;5121;-639
MG;10806;Campanário;3564;2923;-641
MG;55207;Rio Espera;6070;5429;-641
PR;13734;Luiziana;7332;6690;-642
RS;455;Alegria;4294;3651;-643
MA;5906;Lago Verde;15412;14769;-643
PA;131;Abel Figueiredo;6780;6136;-644
MG;41009;Mato Verde;12684;12038;-646
BA;24900;Planaltino;8670;8022;-648
RS;9753;Ibarama;4380;3732;-648
BA;4407;Brejolândia;9757;9108;-649
AC;385;Plácido de Castro;17209;16560;-649
MG;15508;Caxambu;21705;21056;-649
RS;1206;Arroio do Tigre;12708;12058;-650
RS;5009;Catuípe;9325;8674;-651
ES;3809;Muqui;14396;13745;-651
MT;5234;Lambari D'Oeste;5441;4790;-651
RS;5132;Cerro Branco;4454;3802;-652
GO;5059;Castelândia;3638;2985;-653
TO;2000;Araguaçu;8786;8133;-653
PR;20655;Quarto Centenário;4856;4201;-655
SE;3302;Japaratuba;16864;16209;-655
PI;2307;Canto do Buriti;20020;19365;-655
MG;18809;Coração de Jesus;26033;25377;-656
PI;6704;Nazaré do Piauí;7321;6665;-656
GO;8905;Goiás;24727;24071;-656
PE;5806;Frei Miguelinho;14293;13636;-657
PA;6583;Santa Maria das Barreiras;17206;16548;-658
SP;28809;Maracaí;13332;12673;-659
PR;12207;Janiópolis;6532;5870;-662
MG;34004;Itinga;14407;13745;-662
MT;6208;Nova Brasilândia;4597;3932;-665
TO;301;Aguiarnópolis;5162;4497;-665
MA;303;Aldeias Altas;23952;23286;-666
RS;9159;Gramado Xavier;3970;3304;-666
RS;14472;Pinhal Grande;4471;3805;-666
SP;6706;Boa Esperança do Sul;13645;12978;-667
MG;24302;Espinosa;31113;30443;-670
AL;8956;Senador Rui Palmeira;12974;12303;-671
PB;9800;Mulungu;9463;8791;-672
BA;1155;América Dourada;15810;15137;-673
MG;71030;Verdelândia;8346;7672;-674
PR;3602;Cambará;23886;23212;-674
CE;13708;Umari;7545;6871;-674
SP;43808;Rinópolis;9935;9259;-676
MT;2793;Carlinda;11011;10332;-679
PE;2001;Bodocó;35158;34478;-680
RS;109;Agudo;16722;16041;-681
MG;70578;Vargem Alegre;6461;5780;-681
PI;8908;Ribeiro Gonçalves;6845;6164;-681
PR;905;Amaporã;5443;4762;-681
SP;35200;Palmeira d'Oeste;9584;8903;-681
GO;10802;Itajá;5062;4380;-682
MA;7407;Olho d'Água das Cunhãs;18601;17919;-682
SP;54201;Tejupá;4809;4127;-682
PR;11555;Ivaté;7514;6831;-683
CE;6900;Jaguaribe;34409;33726;-683
PI;7777;Patos do Piauí;6110;5425;-685
RO;1450;Parecis;4810;4125;-685
MT;7297;São José do Povo;3561;2875;-686
MG;53103;Presidente Bernardes;5537;4850;-687
PR;27858;Três Barras do Paraná;11824;11135;-689
PA;4976;Nova Ipixuna;14645;13955;-690
MG;27503;Gonzaga;5921;5230;-691
MG;45059;Nova Porteirinha;7398;6706;-692
MG;67707;Sobrália;5830;5137;-693
PR;18105;Paranacity;10250;9557;-693
MG;26901;Frei Inocêncio;8920;8226;-694
MG;44201;Nacip Raydan;3154;2459;-695
MG;20839;Cuparaque;4680;3983;-697
PB;13604;Santana dos Garrotes;7266;6569;-697
PE;6903;Iguaracy;11779;11081;-698
PB;1906;Belém;17101;16401;-700
RS;9506;Guarani das Missões;8115;7415;-700
SC;15679;Santa Terezinha;8767;8066;-701
CE;1604;Assaré;22398;21697;-701
GO;19605;Santa Tereza de Goiás;3995;3293;-702
CE;6702;Jaguaretama;17934;17232;-702
RS;5371;Charrua;3471;2768;-703
SP;21606;Irapuru;7789;7085;-704
PR;25753;São Pedro do Iguaçu;6491;5784;-707
MG;8503;Botumirim;6497;5790;-707
MG;49101;Pedralva;11467;10760;-707
MT;1605;Barão de Melgaço;7961;7253;-708
GO;16809;Petrolina de Goiás;10281;9573;-708
BA;29354;São José da Vitória;6024;5315;-709
PA;6401;Santa Cruz do Arari;8155;7445;-710
MT;2850;Castanheira;8219;7506;-713
RS;22152;Tunas;4395;3681;-714
RS;6908;Encruzilhada do Sul;24534;23819;-715
MG;44607;Nepomuceno;25733;25018;-715
PR;459;Altamira do Paraná;4306;3590;-716
PB;14404;São José de Espinharas;4800;4083;-717
MG;4700;Ataléia;14455;13736;-719
BA;18605;Jussiape;8099;7379;-720
TO;2158;Araguanã;5030;4310;-720
RS;12203;Maximiliano de Almeida;4911;4191;-720
SP;12605;Coronel Macedo;5001;4280;-721
RS;16709;Santa Bárbara do Sul;8843;8122;-721
MA;8454;Peritoró;21201;20479;-722
MG;14303;Carmo do Paranaíba;29735;29011;-724
MG;41504;Mendes Pimentel;6331;5606;-725
TO;12405;Lizarda;3725;2999;-726
RS;13425;Novo Machado;3925;3198;-727
BA;2203;Aramari;10561;9833;-728
MG;33204;Itanhomi;11856;11128;-728
MG;27305;Galiléia;6951;6222;-729
PI;4006;Francinópolis;5235;4505;-730
BA;15353;Itaguaçu da Bahia;13041;12311;-730
PR;1101;Andirá;20610;19878;-732
CE;903;Apuiarés;13661;12928;-733
AL;2900;Girau do Ponciano;36837;36102;-735
RN;14001;Tangará;14016;13281;-735
MG;32008;Itacambira;4988;4252;-736
PR;27007;Teixeira Soares;10283;9547;-736
CE;3931;Choró;12853;12113;-740
MG;47956;Patis;5579;4837;-742
AL;3700;Jaramataia;5727;4985;-742
MT;8907;Nova Maringá;6590;5846;-744
MG;24708;Estrela do Indaiá;3516;2772;-744
BA;23704;Paratinga;29998;29252;-746
PB;2706;Borborema;4962;4214;-748
MG;57104;Salto da Divisa;6859;6110;-749
PR;20507;Primeiro de Maio;10832;10082;-750
BA;19058;Lajedo do Tabocal;8244;7494;-750
RS;20503;Sertão;6294;5541;-753
PR;21752;Reserva do Iguaçu;7307;6553;-754
BA;13002;Ibitiara;15392;14637;-755
RS;13102;Nova Palma;6342;5586;-756
MG;5509;Barão de Monte Alto;5720;4964;-756
PR;28559;Vera Cruz do Oeste;8973;8215;-758
MG;22108;Divino das Laranjeiras;4937;4178;-759
PR;13254;Laranjal;6360;5600;-760
RO;1484;São Felipe D'Oeste;6018;5258;-760
GO;20686;Simolândia;6507;5742;-765
BA;19900;Macururé;8021;7256;-765
MG;26752;Franciscópolis;5800;5034;-766
MA;6359;Marajá do Sena;7794;7027;-767
MG;23809;Engenheiro Navarro;7122;6354;-768
BA;6709;Cândido Sales;26015;25247;-768
MG;39508;Manhumirim;21382;20613;-769
PE;1805;Betânia;12003;11232;-771
MG;35076;Jampruca;5067;4296;-771
RS;5504;Ciríaco;4922;4149;-773
MG;46255;Padre Carvalho;5834;5058;-776
SP;31506;Monte Azul Paulista;18931;18151;-780
MG;28501;Guarará;3929;3149;-780
SP;49508;São José da Bela Vista;8406;7626;-780
RS;15552;Rio dos Índios;3616;2835;-781
MG;20151;Crisólita;6047;5265;-782
BA;306;Acajutiba;14577;13795;-782
AM;3569;Rio Preto da Eva;25719;24936;-783
PI;4303;Fronteiras;11042;10259;-783
CE;4004;Coreaú;21738;20953;-785
RS;19406;São Pedro do Sul;16368;15577;-791
CE;1406;Aratuba;12016;11224;-792
SP;48500;Santos;419400;418608;-792
MA;3125;Central do Maranhão;7887;7094;-793
TO;7702;Filadélfia;8505;7712;-793
BA;23407;Palmas de Monte Alto;20872;20078;-794
PE;4155;Casinhas;13766;12967;-799
PR;1200;Antonina;18891;18091;-800
MA;3257;Cidelândia;13681;12878;-803
MG;62609;São João do Oriente;7874;7070;-804
PR;5201;Cerro Azul;16938;16134;-804
BA;31400;Teodoro Sampaio;7914;7110;-804
BA;15304;Itagimirim;7154;6347;-807
RN;14753;Venha-Ver;3821;3014;-807
SP;29807;Mineiros do Tietê;12038;11230;-808
PB;10105;Nova Floresta;10533;9724;-809
BA;23209;Oliveira dos Brejinhos;21524;20715;-809
MT;6265;Novo Mundo;7332;6520;-812
SC;15208;Romelândia;5637;4823;-814
BA;19603;Macajuba;11268;10454;-814
RS;11908;Marcelino Ramos;5134;4320;-814
SP;9700;Campos do Jordão;47789;46974;-815
RO;403;Alto Paraíso;17135;16320;-815
BA;3102;Barra do Rocha;6591;5775;-816
RS;14027;Paraíso do Sul;7336;6519;-817
BA;9505;Cravolândia;5233;4415;-818
BA;29404;São Miguel das Matas;11155;10334;-821
BA;25006;Planalto;24156;23334;-822
RS;15156;Progresso;6163;5340;-823
MT;6828;Porto Esperidião;11031;10204;-827
GO;11404;Itauçu;8563;7736;-827
MG;55603;Rio Pardo de Minas;29099;28271;-828
PE;12901;São Benedito do Sul;13941;13113;-828
RN;11403;Santana do Matos;13284;12456;-828
MG;11804;Canápolis;11436;10608;-828
MG;7802;Bom Jesus do Galho;15364;14536;-828
TO;7207;Dois Irmãos do Tocantins;7161;6327;-834
PA;7466;São João da Ponta;5265;4430;-835
CE;7635;Madalena;17731;16896;-835
RS;8805;General Câmara;8447;7612;-835
MA;5807;Lago do Junco;10343;9506;-837
RJ;1801;Engenheiro Paulo de Frontin;13080;12242;-838
MG;46701;Palma;6545;5707;-838
BA;26905;Rio do Pires;11336;10497;-839
MS;807;Anaurilândia;8493;7653;-840
BA;21054;Matina;11171;10330;-841
ES;3304;Mantenópolis;13612;12770;-842
RS;6734;Doutor Maurício Cardoso;5313;4470;-843
BA;14208;Irajuba;6946;6101;-845
PE;12802;Santa Terezinha;11089;10244;-845
PR;9302;Guaraniaçu;14582;13735;-847
MA;600;Amarante do Maranhão;37932;37085;-847
BA;21708;Morro do Chapéu;34441;33594;-847
AL;6604;Paulo Jacinto;7426;6576;-850
PR;11001;Itambaracá;6759;5908;-851
CE;1703;Aurora;24566;23714;-852
SP;5401;Barra do Turvo;7729;6876;-853
RN;12906;São Tomé;10827;9972;-855
TO;10706;Itaguatins;6029;5172;-857
PR;25001;São João do Ivaí;11525;10667;-858
PB;3506;Cacimba de Dentro;16923;16064;-859
BA;4852;Cabaceiras do Paraguaçu;17420;16559;-861
MG;16803;Coluna;9024;8163;-861
TO;6100;Cristalândia;7234;6371;-863
PA;5007;Nova Timboteua;13670;12806;-864
BA;6857;Capela do Alto Alegre;11609;10744;-865
SP;37404;Pereira Barreto;24962;24095;-867
TO;13809;Palmeiras do Tocantins;5740;4872;-868
MG;41405;Medina;21026;20156;-870
PE;2209;Bom Jardim;38500;37629;-871
PB;10402;Olho d'Água;6931;6060;-871
BA;22607;Nilo Peçanha;12935;12063;-872
SP;32603;Nhandeara;10725;9852;-873
PB;2003;Belém do Brejo do Cruz;7143;6268;-875
PR;3354;Braganey;5735;4854;-881
BA;11857;Heliópolis;13192;12309;-883
BA;31202;Taperoá;18928;18044;-884
PA;6112;Quatipuru;12411;11524;-887
CE;6504;Itapiúna;18732;17841;-891
RS;11254;Lagoão;6233;5341;-892
PE;8404;Jurema;14541;13648;-893
RS;21303;Taquari;26092;25198;-894
RS;11106;Jaguari;11475;10579;-896
MA;12852;Vila Nova dos Martírios;11258;10362;-896
BA;2658;Banzaê;12854;11958;-896
CE;1307;Araripe;20679;19783;-896
SE;670;Boquim;25533;24636;-897
SP;5302;Barra Bonita;35246;34346;-900
SP;50902;São Simão;14346;13442;-904
BA;32606;Urandi;16260;15355;-905
PI;3503;Elesbão Veloso;14512;13607;-905
PI;9708;São Francisco do Piauí;6298;5392;-906
MA;11052;São João do Paraíso;10814;9904;-910
RS;505;Alpestre;8027;7117;-910
RS;17707;Santo Antônio das Missões;11210;10300;-910
PR;2406;Bandeirantes;32184;31273;-911
RS;1305;Arroio Grande;18470;17558;-912
MG;37304;Lagoa dos Patos;4225;3313;-912
BA;21401;Mirangaba;16649;15734;-915
BA;1908;Aporá;16838;15922;-916
MG;19500;Coronel Murta;9117;8200;-917
SP;53609;Tapiratiba;12737;11816;-921
RS;307;Alecrim;7045;6123;-922
PR;17008;Nova Fátima;8147;7225;-922
BA;14307;Iramaia;11675;10752;-923
SP;51900;Severínia;15501;14576;-925
SP;17604;Guapiara;17998;17071;-927
MG;39300;Manga;19813;18886;-927
MG;69208;Tombos;9537;8609;-928
MG;29004;Guiricema;8707;7778;-929
RN;9704;Pedro Avelino;7171;6242;-929
BA;16104;Itaparica;20725;19789;-936
GO;7253;Doverlândia;7892;6956;-936
MG;36579;Josenópolis;4566;3630;-936
PR;8650;Goioxim;7503;6566;-937
PA;2707;Conceição do Araguaia;45557;44617;-940
SP;16804;Gastão Vidigal;4193;3252;-941
SP;3703;Ariranha;8547;7602;-945
MG;29103;Gurinhatã;6137;5192;-945
PB;14552;São José de Princesa;4364;3416;-948
SP;5104;Barbosa;6593;5640;-953
AL;4609;Maravilha;10490;9534;-956
RN;9308;Patu;11964;11007;-957
AL;6505;Passo de Camaragibe;14763;13804;-959
MA;402;Altamira do Maranhão;7407;6447;-960
PB;6707;Imaculada;11352;10392;-960
RO;31;Cabixi;6313;5351;-962
RS;10702;Itatiba do Sul;4171;3208;-963
BA;20205;Malhada;16361;15398;-963
MG;28402;Guarani;8678;7714;-964
MG;16308;Cipotânea;6547;5581;-966
TO;22107;Xambioá;11484;10517;-967
MG;5608;Barbacena;126284;125317;-967
MG;65552;Setubinha;10885;9917;-968
MG;37106;Lagamar;7600;6631;-969
BA;24504;Pindaí;15700;14731;-969
SP;53302;Tambaú;22406;21435;-971
RS;15503;Restinga Sêca;15911;14939;-972
PE;1508;Belém de Maria;11353;10378;-975
PE;14105;Sertânia;33787;32811;-976
MT;5176;Juruena;11190;10213;-977
MG;58508;Santana de Pirapama;8009;7030;-979
AL;1100;Branquinha;10583;9603;-980
CE;5266;Ibaretama;12939;11956;-983
MG;30655;Indaiabira;7330;6346;-984
PR;8700;Grandes Rios;6625;5641;-984
BA;1106;Amélia Rodrigues;25125;24138;-987
PB;11806;Pirpirituba;10327;9340;-987
BA;11907;Iaçu;25595;24607;-988
MG;29509;Ibiá;23218;22229;-989
RO;940;Cujubim;15854;14863;-991
ES;1605;Conceição da Barra;28449;27458;-991
SP;17802;Guaraçaí;8435;7441;-994
RS;2501;Bossoroca;6884;5890;-994
RS;11601;Liberato Salzano;5780;4781;-999
GO;19407;Santa Rita do Araguaia;6924;5924;-1000
PI;6050;Massapê do Piauí;6222;5218;-1004
MG;56007;Rio Vermelho;13645;12641;-1004
MG;39003;Machado;38688;37684;-1004
SP;16705;Garça;43115;42110;-1005
PA;1600;Bonito;13630;12622;-1008
SP;29708;Miguelópolis;20451;19441;-1010
BA;25709;Presidente Jânio Quadros;13635;12621;-1014
PR;9658;Honório Serpa;5955;4941;-1014
PA;5700;Ponta de Pedras;25999;24984;-1015
GO;4953;Campos Verdes;5020;4005;-1015
MG;35456;Jenipapo de Minas;7116;6100;-1016
BA;20908;Mascote;14562;13544;-1018
TO;13601;Monte do Carmo;6716;5694;-1022
MG;41702;Mesquita;6069;5040;-1029
GO;13509;Monte Alegre de Goiás;7730;6692;-1038
BA;32101;Ubaíra;19664;18626;-1038
TO;20903;Taguatinga;15051;14011;-1040
BA;3300;Barro Preto;6873;5833;-1040
RS;20263;Segredo;7050;6009;-1041
CE;5209;Hidrolândia;18896;17855;-1041
RS;638;Amaral Ferrador;6353;5310;-1043
PR;21000;Querência do Norte;11729;10685;-1044
BA;17904;Jandaíra;10331;9285;-1046
RO;80;Costa Marques;13678;12627;-1051
SP;50100;São Manuel;38342;37289;-1053
RS;15008;Porto Lucena;5413;4360;-1053
AL;4401;Major Isidoro;18753;17700;-1053
MG;36009;Joaíma;14941;13888;-1053
MA;5450;Jatobá;8526;7471;-1055
BA;15809;Itambé;25450;24394;-1056
SP;12308;Conchas;16288;15232;-1056
MG;13305;Carangola;32296;31240;-1056
PB;14305;São José de Caiana;6094;5034;-1060
RS;9001;Giruá;17075;16013;-1062
BA;6402;Candeal;8837;7772;-1065
PR;28401;Uraí;11472;10406;-1066
MG;61106;São Francisco;53828;52762;-1066
TO;16604;Peixe;10384;9317;-1067
MS;4304;Iguatemi;14875;13808;-1067
SP;46306;Santa Cruz das Palmeiras;29932;28864;-1068
MA;2556;Campestre do Maranhão;13369;12301;-1068
CE;13252;Tarrafas;8597;7529;-1068
MG;40852;Matias Cardoso;9964;8895;-1069
PE;9709;Orobó;22878;21808;-1070
SE;5802;Riachão do Dantas;19386;18313;-1073
SC;5506;Fraiburgo;34556;33481;-1075
RS;7302;Erval Seco;7863;6787;-1076
CE;5902;Ipueiras;37876;36798;-1078
MS;5806;Nioaque;14304;13220;-1084
CE;12700;Senador Pompeu;25350;24266;-1084
MG;61601;São Geraldo da Piedade;4389;3305;-1084
BA;30006;Sebastião Laranjeiras;10444;9360;-1084
MS;6408;Pedro Gomes;8026;6941;-1085
BA;900;Almadina;6304;5218;-1086
TO;400;Almas;7586;6499;-1087
AL;2504;Dois Riachos;10894;9805;-1089
MA;1905;Bequimão;20674;19584;-1090
RS;5173;Cerro Grande do Sul;10268;9178;-1090
MG;34707;Jacinto;12134;11042;-1092
MA;3703;Cururupu;32652;31558;-1094
MA;10237;Santana do Maranhão;11661;10567;-1094
CE;705;Alto Santo;15250;14155;-1095
MG;36108;Joanésia;5425;4329;-1096
SP;46900;Santa Lúcia;8248;7149;-1099
AL;1506;Campo Grande;9244;8143;-1101
MA;9601;Rosário;39576;38475;-1101
RS;18408;São Jerônimo;22134;21028;-1106
MG;71907;Virgolândia;5658;4552;-1106
PB;1104;Areia;23742;22633;-1109
SP;24600;Jacupiranga;17208;16097;-1111
RS;13706;Palmeira das Missões;34328;33216;-1112
MA;436;Alto Alegre do Maranhão;25164;24048;-1116
BA;13457;Igrapiúna;14270;13151;-1119
MG;18908;Cordisburgo;8667;7547;-1120
RS;18804;São Lourenço do Sul;43111;41989;-1122
MG;27800;Grão Mogol;15024;13901;-1123
SP;24105;Ituverava;38695;37571;-1124
RS;1750;Barão do Triunfo;7018;5889;-1129
BA;23803;Paripiranga;27740;26604;-1136
AP;808;Vitória do Jari;12428;11291;-1137
BA;15700;Itamari;8190;7051;-1139
RO;56;Cerejeiras;17029;15890;-1139
BA;28109;Santa Maria da Vitória;39743;38604;-1139
SP;30201;Mirante do Paranapanema;17059;15917;-1142
MG;9204;Buenópolis;10292;9150;-1142
PR;26306;Sengés;18414;17270;-1144
MG;54457;Riachinho;8007;6863;-1144
RJ;5307;São Sebastião do Alto;8895;7750;-1145
SP;42909;Ribeirão Bonito;12135;10989;-1146
RS;11155;Jóia;8331;7184;-1147
BA;22409;Mutuípe;21184;20037;-1147
MG;23205;Dores do Indaiá;13778;12630;-1148
MT;7107;São José dos Quatro Marcos;18998;17849;-1149
RN;9902;Pendências;13432;12278;-1154
SP;35507;Paraguaçu Paulista;42278;41120;-1158
CE;13203;Tamboril;25974;24815;-1159
RS;14068;Passa Sete;5143;3983;-1160
MT;6232;Nova Olímpia;17515;16352;-1163
GO;7808;Firminópolis;11582;10419;-1163
BA;26806;Rio do Antônio;14312;13146;-1166
RS;8300;Fontoura Xavier;10719;9550;-1169
BA;2252;Arataca;11361;10191;-1170
BA;24603;Pindobaçu;20257;19083;-1174
RS;2808;Caçapava do Sul;33690;32515;-1175
RS;22533;Vale do Sol;11077;9897;-1180
SP;31902;Morro Agudo;29116;27933;-1183
BA;20809;Marcionílio Souza;10451;9267;-1184
SP;36604;Paulo de Faria;8589;7400;-1189
MG;64001;São Pedro dos Ferros;8356;7166;-1190
TO;2307;Arapoema;6742;5550;-1192
MT;4104;Guarantã do Norte;32216;31024;-1192
PE;6507;Iati;18360;17165;-1195
BA;29503;São Sebastião do Passé;42153;40958;-1195
RS;6007;Crissiumal;14084;12886;-1198
BA;31301;Tapiramutá;17016;15818;-1198
SP;8702;Caconde;18301;17101;-1200
AL;3106;Igaci;25197;23995;-1202
MG;30309;Iguatama;8029;6826;-1203
PE;2100;Bom Conselho;45503;44294;-1209
MA;10856;São Francisco do Brejão;10261;9051;-1210
ES;201;Alegre;30392;29177;-1215
GO;13004;Maurilândia;11521;10304;-1217
RS;17004;Santana da Boa Vista;8242;7024;-1218
ES;2108;Ecoporanga;23212;21992;-1220
RN;8300;Nova Cruz;35490;34269;-1221
RN;1107;Areia Branca;25315;24093;-1222
MG;11507;Campos Altos;14206;12979;-1227
MG;29707;Ibiraci;12176;10948;-1228
AL;1902;Chã Preta;7138;5910;-1228
AL;7206;Poço das Trincheiras;13748;12518;-1230
PA;8159;Uruará;44789;43558;-1231
RN;12302;São José do Campestre;12356;11121;-1235
PE;3801;Capoeiras;19581;18338;-1243
MG;25903;Ferros;10837;9590;-1247
RN;2204;Canguaretama;30916;29668;-1248
RJ;2858;Mesquita;168376;167127;-1249
BA;17003;Itiúba;35121;33872;-1249
SP;17703;Guará;19858;18606;-1252
PB;1609;Barra de Santa Rosa;14157;12904;-1253
PE;7950;Jaqueira;11501;10247;-1254
MA;1301;Bacuri;17548;16290;-1258
MG;39201;Malacacheta;18776;17516;-1260
PE;4908;Cumaru;17183;15920;-1263
RO;72;Corumbiara;8783;7519;-1264
RS;4200;Candelária;30171;28906;-1265
PE;12554;Santa Filomena;13371;12106;-1265
MG;2100;Alto Rio Doce;12159;10891;-1268
CE;13757;Umirim;18741;17470;-1271
PR;10201;Inácio Martins;10943;9670;-1273
SE;7501;Tomar do Geru;13287;12012;-1275
MG;42106;Miradouro;10251;8968;-1283
SP;35101;Palmares Paulista;10934;9650;-1284
RO;1435;Nova União;7493;6200;-1293
MG;27073;Fruta de Leite;5940;4647;-1293
AL;6802;Piaçabuçu;17203;15908;-1295
PB;6905;Itabaiana;24481;23182;-1299
BA;25907;Quijingue;26575;25272;-1303
CE;3303;Cariús;18320;17015;-1305
BA;16302;Itapebi;10482;9174;-1308
PA;1907;Bujaru;25695;24383;-1312
MG;11101;Campina Verde;19324;18011;-1313
SP;43709;Rincão;10414;9098;-1316
PA;5064;Novo Repartimento;62050;60732;-1318
RS;2709;Butiá;20406;19084;-1322
RS;11007;Jaguarão;27931;26603;-1328
RS;6502;Dom Feliciano;14380;13051;-1329
PA;7458;São Geraldo do Araguaia;25587;24255;-1332
RS;21477;Tiradentes do Sul;6461;5129;-1332
PB;9909;Natuba;10277;8945;-1332
SP;26209;Juquitiba;28737;27404;-1333
MG;500;Açucena;10276;8943;-1333
MG;32305;Itaipé;11798;10463;-1335
PA;2756;Concórdia do Pará;28216;26881;-1335
RO;379;Alto Alegre dos Parecis;12816;11479;-1337
BA;15403;Itaju do Colônia;7376;6037;-1339
RN;3103;Currais Novos;42652;41313;-1339
BA;20106;Mairi;19015;17674;-1341
PE;10103;Palmeirina;8373;7031;-1342
CE;2701;Campos Sales;26478;25135;-1343
RS;21204;Taquara;54590;53242;-1348
RS;11205;Júlio de Castilhos;19579;18226;-1353
PB;15906;Serraria;6238;4885;-1353
BA;16807;Itarantim;18412;17052;-1360
BA;22854;Nova Redenção;8898;7538;-1360
MA;11706;São Vicente Ferrer;20863;19498;-1365
PR;23907;Santa Mariana;12435;11066;-1369
MA;2150;Brejo de Areia;10590;9218;-1372
PR;6456;Coronel Domingos Soares;7022;5649;-1373
TO;7009;Dianópolis;19112;17739;-1373
MA;11003;São João Batista;19920;18544;-1376
CE;10407;Paramoti;11763;10384;-1379
PR;23857;Santa Maria do Oeste;11316;9934;-1382
BA;13705;Inhambupe;35176;33790;-1386
CE;4301;Farias Brito;19617;18217;-1400
PE;9402;Moreno;56696;55292;-1404
PR;4402;Cândido de Abreu;16655;15244;-1411
MG;54903;Rio Casca;14201;12789;-1412
MA;11672;São Roberto;5957;4544;-1413
TO;18758;Rio Sono;6254;4841;-1413
RO;114;Jaru;52005;50591;-1414
MG;18403;Conselheiro Pena;22242;20824;-1418
AL;3007;Ibateguara;15149;13731;-1418
AL;9400;Viçosa;25514;24092;-1422
RS;2451;Boqueirão do Leão;7673;6247;-1426
ES;3403;Mimoso do Sul;25902;24475;-1427
MG;62401;São João da Ponte;25358;23930;-1428
PR;16109;Moreira Sales;12606;11175;-1431
MT;3056;Cláudia;11028;9593;-1435
MG;26703;Francisco Sá;24912;23476;-1436
SE;5109;Pedrinhas;8833;7396;-1437
CE;11207;Potengi;10273;8833;-1440
AL;5507;Murici;26627;25187;-1440
MG;60306;Santo Antônio do Jacinto;11775;10327;-1448
PR;7504;Engenheiro Beltrão;13906;12454;-1452
MG;13701;Carlos Chagas;20069;18615;-1454
SP;1707;Américo Brasiliense;34478;33019;-1459
SP;34302;Orlândia;39781;38319;-1462
MG;56809;Sabinópolis;15704;14240;-1464
PA;3705;Itupiranga;51220;49754;-1466
RO;296;Santa Luzia D'Oeste;8886;7419;-1467
MG;66709;Serra dos Aimorés;8412;6944;-1468
PE;12307;Saloá;15309;13836;-1473
PR;25803;São Pedro do Ivaí;10167;8690;-1477
BA;27200;Ruy Barbosa;29768;28282;-1486
BA;10008;Dário Meira;12309;10820;-1489
RS;20677;Sinimbu;10068;8578;-1490
GO;16304;Paranaiguara;9100;7607;-1493
MT;8600;Vila Rica;21382;19888;-1494
PB;1005;Araruna;18683;17189;-1494
MG;11606;Campos Gerais;27600;26105;-1495
MT;3452;Denise;8513;7014;-1499
BA;405;Água Fria;15997;14497;-1500
MA;12100;Timbiras;27997;26484;-1513
MG;46305;Padre Paraíso;18849;17334;-1515
CE;8302;Milagres;27418;25900;-1518
MG;35605;Jequitaí;8005;6484;-1521
CE;12601;São Luís do Curu;12347;10822;-1525
AL;8501;São Luís do Quitunde;32412;30873;-1539
BA;108;Abaíra;8841;7301;-1540
CE;5605;Independência;25573;24024;-1549
MG;29608;Ibiaí;7839;6286;-1553
PR;26678;Tamarana;12262;10707;-1555
RN;10108;Poço Branco;13949;12390;-1559
RN;2006;Caicó;62709;61146;-1563
BA;11659;Guajeru;9614;8050;-1564
RS;14506;Pinheiro Machado;12780;11214;-1566
SP;14809;Eldorado;14641;13069;-1572
MS;2100;Bela Vista;23192;21613;-1579
RN;7203;Macau;28954;27369;-1585
RO;601;Cacaulândia;5736;4150;-1586
PE;8701;Lagoa dos Gatos;15665;14076;-1589
SP;35309;Palmital;21186;19594;-1592
RO;1757;Vale do Anari;9384;7788;-1596
MG;30903;Inhapim;24294;22692;-1602
RS;5900;Coronel Bicaco;7748;6144;-1604
MG;58201;Santa Maria do Suaçuí;14395;12788;-1607
GO;19803;São Domingos;11325;9711;-1614
SP;38501;Piquete;14107;12490;-1617
BA;12301;Ibicuí;15552;13934;-1618
PA;8050;Trairão;16875;15242;-1633
SP;39509;Pitangueiras;35307;33674;-1633
RS;18101;São Francisco de Assis;19254;17618;-1636
AL;7305;Porto Calvo;25708;24071;-1637
MG;17009;Comercinho;8298;6660;-1638
CE;6306;Itapajé;48070;46426;-1644
AL;3502;Jacuípe;6997;5352;-1645
SP;47502;Santa Rita do Passa Quatro;26478;24833;-1645
BA;3706;Boa Nova;15341;13690;-1651
AL;5606;Novo Lino;11673;10020;-1653
PE;8503;Lagoa de Itaenga;20659;19003;-1656
AL;2306;Coruripe;52072;50414;-1658
BA;23902;Pau Brasil;11028;9370;-1658
SP;50803;São Sebastião da Grama;12099;10441;-1658
BA;355;Adustina;15861;14201;-1660
SP;15350;Euclides da Cunha Paulista;9585;7924;-1661
PE;807;Altinho;22337;20674;-1663
MG;42908;Monte Azul;21994;20328;-1666
MA;5401;Itapecuru Mirim;62110;60440;-1670
PE;708;Aliança;37415;35741;-1674
BA;22904;Nova Soure;25911;24236;-1675
RS;16451;Salto do Jacuí;11880;10203;-1677
MA;9239;Presidente Médici;6374;4696;-1678
BA;10503;Entre Rios;39776;38098;-1678
MA;5708;Lago da Pedra;46083;44403;-1680
BA;3409;Belmonte;21804;20121;-1683
AL;3205;Igreja Nova;23074;21372;-1702
CE;9508;Orós;21389;19675;-1714
MG;3405;Araçuaí;36013;34297;-1716
PR;6407;Cornélio Procópio;46928;45206;-1722
MA;8207;Pedreiras;38777;37050;-1727
BA;15007;Itaeté;15200;13472;-1728
SP;53708;Taquaritinga;53988;52260;-1728
ES;3130;João Neiva;15809;14079;-1730
RO;1807;Vale do Paraíso;8210;6479;-1731
GO;1306;Anicuns;20242;18503;-1739
SP;20103;Igarapava;27952;26212;-1740
MT;1704;Barra do Bugres;31146;29403;-1743
CE;10506;Pedra Branca;41933;40187;-1746
CE;10100;Palmácia;11994;10242;-1752
BA;3805;Boa Vista do Tupim;18630;16873;-1757
BA;31806;Tremedal;18055;16296;-1759
MG;32701;Itambacuri;22809;21042;-1767
BA;4308;Brejões;14711;12943;-1768
BA;32804;Utinga;18049;16277;-1772
PR;509;Altônia;20516;18742;-1774
BA;13804;Ipecaetá;15487;13709;-1778
AL;1605;Canapi;17338;15559;-1779
BA;16906;Itiruçu;12785;10999;-1786
MA;4909;Guimarães;12081;10290;-1791
MG;42700;Montalvânia;15862;14060;-1802
SP;41307;Presidente Epitácio;41318;39505;-1813
MG;71600;Virgem da Lapa;13619;11804;-1815
PE;5608;Flores;22169;20347;-1822
MA;11409;São Luís Gonzaga do Maranhão;19645;17818;-1827
MA;7704;Paraibano;20103;18274;-1829
PR;17800;Palmital;14865;13033;-1832
SE;5703;Propriá;28451;26618;-1833
RS;2006;Barros Cassal;11133;9296;-1837
GO;9903;Iaciara;12427;10584;-1843
MG;33303;Itaobim;21001;19151;-1850
AL;2553;Estrela de Alagoas;17287;15429;-1858
PR;2505;Barbosa Ferraz;12656;10795;-1861
BA;4100;Boquira;21184;19322;-1862
MA;2358;Buritirana;14784;12918;-1866
AL;8303;São José da Laje;22686;20813;-1873
BA;27804;Santa Cruz da Vitória;6557;4681;-1876
AM;805;Borba;34961;33080;-1881
MG;21803;Dionísio;8739;6847;-1892
BA;29800;Saúde;12373;10478;-1895
AL;4203;Limoeiro de Anadia;26636;24740;-1896
BA;8309;Conceição do Almeida;17698;15794;-1904
RS;6601;Dom Pedrito;38898;36981;-1917
RJ;308;Barra do Piraí;94808;92883;-1925
MA;2507;Cajari;18338;16412;-1926
RS;21105;Tapes;16629;14695;-1934
CE;11900;Saboeiro;15792;13854;-1938
AM;1100;Careiro;32734;30792;-1942
RS;18309;São Gabriel;60432;58487;-1945
AL;6703;Penedo;60596;58650;-1946
TO;7405;Esperantina;9476;7530;-1946
PE;1607;Belém do São Francisco;20253;18301;-1952
MG;10004;Caeté;40750;38776;-1974
RS;18002;São Borja;61671;59676;-1995
AM;2801;Maraã;17528;15529;-1999
MG;52402;Poté;15667;13666;-2001
CE;2404;Boa Viagem;52421;50411;-2010
BA;21500;Monte Santo;49793;47780;-2013
PR;4451;Cantagalo;12952;10933;-2019
BA;2609;Baixa Grande;20240;18220;-2020
MA;7803;Parnarama;33281;31250;-2031
PE;10400;Parnamirim;20646;18612;-2034
PA;7151;São Domingos do Araguaia;23130;21092;-2038
SP;29906;Miracatu;20592;18553;-2039
CE;12502;São João do Jaguaribe;7900;5855;-2045
BA;31707;Terra Nova;12851;10798;-2053
MT;508;Alto Paraguai;10066;8009;-2057
PR;6803;Cruz Machado;18040;15978;-2062
MG;70800;Várzea da Palma;35809;33744;-2065
BA;16005;Itanhém;19884;17813;-2071
MT;7701;Rosário Oeste;17527;15453;-2074
RJ;100;Angra dos Reis;169511;167434;-2077
SP;13405;Cruzeiro;77039;74961;-2078
SE;4409;Neópolis;18506;16426;-2080
MT;5002;Jauru;10448;8367;-2081
SP;15186;Espírito Santo do Pinhal;41907;39816;-2091
SP;26100;Juquiá;19246;17154;-2092
MG;56502;Rubelita;7772;5679;-2093
BA;21203;Miguel Calmon;26761;24661;-2100
TO;13205;Miracema do Tocantins;20684;18566;-2118
CE;408;Aiuaba;16203;14076;-2127
CE;2008;Barro;21520;19381;-2139
PE;11903;Rio Formoso;22151;20009;-2142
SP;41901;Queluz;11309;9159;-2150
MA;3604;Coroatá;61725;59566;-2159
PR;5706;Clevelândia;17240;15070;-2170
BA;27002;Rio Real;37539;35362;-2177
BA;25204;Pojuca;34335;32136;-2199
BA;15502;Itajuípe;20981;18781;-2200
MT;7305;São José do Rio Claro;17124;14911;-2213
PB;16409;Tacima;10229;8010;-2219
BA;24207;Pedro Alexandre;16186;13954;-2232
SP;39806;Poá;106013;103765;-2248
RO;1708;Urupá;12974;10725;-2249
SP;44251;Rosana;19691;17440;-2251
AL;3759;Jequiá da Praia;11724;9470;-2254
BA;28604;Santo Amaro;58270;56012;-2258
RO;106;Guajará-Mirim;41656;39387;-2269
ES;4054;Pedro Canário;23794;21522;-2272
MA;4677;Governador Nunes Freire;25401;23128;-2273
RS;22202;Tupanciretã;22281;20005;-2276
RS;9308;Guaíba;95204;92924;-2280
PE;9105;Machados;13627;11333;-2294
PE;4809;Cortês;12501;10198;-2303
BA;22706;Nova Canaã;16036;13715;-2321
BA;26400;Riacho de Santana;33033;30711;-2322
AL;1704;Capela;17367;15032;-2335
RS;14605;Piratini;19841;17504;-2337
PE;8107;João Alfredo;30069;27725;-2344
PB;304;Alagoa Grande;28410;26062;-2348
BA;5156;Caetanos;13615;11266;-2349
MA;5427;Itinga do Maranhão;24863;22513;-2350
BA;2401;Aurelino Leal;13552;11179;-2373
RS;10603;Itaqui;38159;35768;-2391
BA;2104;Araci;50689;48294;-2395
BA;25956;Rafael Jambeiro;22062;19662;-2400
PA;4307;Maracanã;28376;25971;-2405
MG;9501;Cabo Verde;13823;11410;-2413
AL;9202;Traipu;25992;23565;-2427
MS;6903;Porto Murtinho;15290;12859;-2431
SP;2507;Aparecida;35007;32569;-2438
BA;32903;Valença;88100;85655;-2445
BA;16401;Itapetinga;68343;65897;-2446
CE;3808;Cedro;24792;22344;-2448
MA;2077;Bom Lugar;14666;12212;-2454
PE;8206;Joaquim Nabuco;15732;13269;-2463
MG;6507;Berilo;12300;9826;-2474
PE;16506;Xexéu;14093;11611;-2482
RO;1005;Governador Jorge Teixeira;10512;8001;-2511
SP;47700;Santo Anastácio;20475;17963;-2512
AL;8600;São Miguel dos Campos;54502;51990;-2512
RS;2907;Cacequi;13676;11157;-2519
SP;51009;São Vicente;332445;329911;-2534
RO;1609;Theobroma;10649;8113;-2536
MA;4057;Estreito;35835;33294;-2541
RO;1401;Monte Negro;14091;11548;-2543
TO;3008;Babaçulândia;10424;7880;-2544
PR;1903;Assaí;16354;13797;-2557
PR;20002;Porecatu;14189;11624;-2565
RO;502;Novo Horizonte do Oeste;10240;7667;-2573
RS;19604;São Sepé;23798;21219;-2579
CE;12205;Santa Quitéria;42763;40183;-2580
RS;14407;Pelotas;328275;325685;-2590
BA;12103;Ibicaraí;24272;21665;-2607
PR;8502;General Carneiro;13669;11062;-2607
MG;37007;Ladainha;16994;14383;-2611
BA;4902;Cachoeira;31865;29250;-2615
SP;40200;Pontal;40244;37607;-2637
RO;1302;Mirante da Serra;11878;9235;-2643
ES;4005;Pancas;21548;18893;-2655
MA;8405;Peri Mirim;13787;11108;-2679
PE;14204;Sirinhaém;40296;37596;-2700
AL;2801;Flexeiras;12325;9618;-2707
SP;41505;Presidente Venceslau;37910;35201;-2709
CE;5407;Icó;65357;62642;-2715
AL;3304;Inhapi;17886;15167;-2719
BA;11808;Guaratinga;21808;19049;-2759
PA;958;Aurora do Pará;26546;23774;-2772
MA;873;Araguanã;13973;11181;-2792
MG;13008;Caraí;22343;19548;-2795
BA;11501;Gongogi;8360;5555;-2805
MA;8306;Penalva;35320;32511;-2809
MA;12308;Tuntum;39111;36251;-2860
BA;1601;Antas;17072;14206;-2866
PE;9204;Maraial;12230;9359;-2871
MA;8900;Poção de Pedras;20034;17161;-2873
AL;5002;Mata Grande;24719;21844;-2875
BA;7509;Catu;51028;48148;-2880
MG;26505;Francisco Badaró;10248;7366;-2882
RO;155;Ouro Preto do Oeste;37928;35044;-2884
RO;15;Alta Floresta D'Oeste;24392;21494;-2898
SE;3609;Laranjeiras;26902;23975;-2927
RO;64;Colorado do Oeste;18591;15663;-2928
MG;609;Água Boa;15521;12589;-2932
MA;6904;Monção;30685;27751;-2934
MA;3174;Centro Novo do Maranhão;19203;16267;-2936
RS;15701;Rio Pardo;37591;34654;-2937
RO;254;Presidente Médici;22319;19327;-2992
BA;10404;Encruzilhada;22108;19107;-3001
MT;4203;Guiratinga;13970;10966;-3004
MG;9402;Buritizeiro;26922;23910;-3012
AL;9301;União dos Palmares;62326;59280;-3046
PE;10202;Panelas;26037;22991;-3046
BA;4803;Caatiba;9252;6205;-3047
MA;204;Alcântara;21521;18467;-3054
RS;16402;Rosário do Sul;39700;36630;-3070
BA;14000;Ipirá;59970;56876;-3094
AL;9152;Teotônio Vilela;41152;38053;-3099
BA;32200;Ubaitaba;20711;17596;-3115
SP;18701;Guarujá;290752;287634;-3118
BA;29008;São Félix;14230;11026;-3204
MA;11722;Satubinha;11990;8784;-3206
BA;17102;Itororó;19914;16617;-3297
PE;12406;Sanharó;21955;18624;-3331
AL;201;Anadia;17318;13966;-3352
MA;11029;São João do Carú;15668;12251;-3417
BA;32457;Umburanas;17089;13642;-3447
MA;907;Araioses;42505;39052;-3453
BA;30709;Simões Filho;118047;114559;-3488
MG;15300;Cataguases;69757;66261;-3496
SP;23206;Itararé;47934;44438;-3496
BA;5800;Camamu;33972;30469;-3503
BA;4704;Buerarema;18377;14804;-3573
RS;4507;Canguçu;53259;49680;-3579
CE;3006;Caridade;19956;16377;-3579
PE;12109;Salgadinho;9312;5727;-3585
PA;2954;Eldorado do Carajás;31786;28192;-3594
PE;5202;Escada;63489;59891;-3598
BA;24702;Piripá;12757;9152;-3605
BA;8002;Coaraci;20964;17333;-3631
MG;1508;Além Paraíba;34349;30717;-3632
AM;3106;Nova Olinda do Norte;30696;27062;-3634
PE;906;Amaraji;21890;18205;-3685
BA;19801;Macaúbas;45569;41859;-3710
RJ;6107;Valença;71822;68088;-3734
RO;346;Alvorada D'Oeste;16853;13117;-3736
MG;45307;Novo Cruzeiro;30725;26975;-3750
RS;3004;Cachoeira do Sul;83827;80070;-3757
ES;1209;Cachoeiro de Itapemirim;189546;185786;-3760
MA;3307;Codó;118038;114275;-3763
BA;13903;Ipiaú;44485;40706;-3779
MA;6300;Magalhães de Almeida;17587;13807;-3780
BA;13606;Ilhéus;182438;178649;-3789
PE;13008;São Bento do Una;53242;49449;-3793
RO;700;Campo Novo de Rondônia;12665;8844;-3821
MG;60702;Santos Dumont;46284;42406;-3878
RO;1203;Ministro Andreazza;10352;6466;-3886
RS;6106;Cruz Alta;62821;58913;-3908
BA;15601;Itamaraju;63513;59605;-3908
MT;3379;Cotriguaçu;14983;11011;-3972
AM;3601;Santa Isabel do Rio Negro;18146;14164;-3982
GO;13087;Minaçu;31150;27075;-4075
AL;1308;Cajueiro;20106;16024;-4082
RO;148;Nova Brasilândia D'Oeste;19874;15679;-4195
AL;2108;Colônia Leopoldina;20019;15816;-4203
AM;1159;Careiro da Várzea;23930;19637;-4293
BA;23100;Olindina;26942;22633;-4309
PA;6195;Rurópolis;40087;35769;-4318
PE;16308;Vicência;30732;26359;-4373
RO;452;Buritis;32383;27992;-4391
BA;13507;Iguaí;25928;21491;-4437
BA;23050;Novo Triunfo;15105;10660;-4445
RS;7708;Esteio;80755;76137;-4618
CE;8500;Mombaça;42375;37735;-4640
BA;24801;Piritiba;22237;17566;-4671
AL;1001;Boca da Mata;25916;21187;-4729
BA;17300;Ituberá;26691;21902;-4789
MA;7357;Nova Olinda do Maranhão;19134;14314;-4820
AP;279;Laranjal do Jari;39942;35114;-4828
MG;16100;Chapada do Norte;15189;10337;-4852
PE;10004;Palmares;59526;54584;-4942
BA;17607;Jaguaquara;50907;45964;-4943
BA;32507;Una;23089;18131;-4958
MA;3406;Coelho Neto;46750;41658;-5092
RS;406;Alegrete;77653;72409;-5244
PA;5650;Placas;23934;18668;-5266
RS;15602;Rio Grande;197228;191900;-5328
MA;477;Alto Alegre do Pindaré;31052;25710;-5342
AM;1209;Coari;75965;70616;-5349
PA;8126;Ulianópolis;43341;37972;-5369
AL;3809;Joaquim Gomes;22575;17150;-5425
AM;3403;Parintins;102033;96372;-5661
PE;4205;Catende;37820;32156;-5664
AM;2553;Manaquiri;22801;17107;-5694
MG;44300;Nanuque;40834;35038;-5796
RJ;3302;Niterói;487562;481749;-5813
PA;8100;Tucuruí;97128;91306;-5822
RJ;3609;Paracambi;47281;41375;-5906
MA;2002;Bom Jardim;39049;33100;-5949
MA;956;Arame;31471;25517;-5954
MA;12704;Vargem Grande;49412;43261;-6151
SP;13504;Cubatão;118720;112476;-6244
PE;11507;Quipapá;24186;17928;-6258
CE;309;Acopiara;51271;44962;-6309
MG;41801;Minas Novas;30794;24405;-6389
MG;27701;Governador Valadares;263689;257171;-6518
PE;401;Água Preta;33095;26461;-6634
PA;1782;Breu Branco;52493;45712;-6781
BA;20601;Maragogipe;42661;35859;-6802
PA;7953;Tailândia;79297;72493;-6804
AL;409;Atalaia;44326;37512;-6814
PA;1956;Cachoeira do Piriá;26484;19630;-6854
AM;409;Barcelos;25718;18834;-6884
PA;347;Água Azul do Norte;25057;18080;-6977
RJ;407;Barra Mansa;176947;169894;-7053
BA;22102;Mundo Novo;24368;17305;-7063
GO;14606;Niquelândia;42361;34964;-7397
MS;3207;Corumbá;103675;96268;-7407
PA;3093;Goianésia do Pará;33864;26362;-7502
PE;15300;Timbaúba;53825;46147;-7678
MA;14007;Zé Doca;48490;40801;-7689
BA;32309;Ubatã;24272;16094;-8178
RS;22400;Uruguaiana;125435;117210;-8225
RS;604;Alvorada;195673;187315;-8358
CE;3600;Catarina;18705;10243;-8462
BA;5602;Camacan;31173;22579;-8594
CE;7700;Maranguape;114005;105093;-8912
BA;6501;Candeias;81634;72382;-9252
PB;1807;Bayeux;92350;82742;-9608
PE;5905;Gameleira;27912;18214;-9698
MA;2325;Buriticupu;65237;55499;-9738
RJ;3203;Nilópolis;157425;146774;-10651
PE;11804;Ribeirão;44497;33507;-10990
RS;13409;Novo Hamburgo;238940;227646;-11294
MA;10005;Santa Luzia;69184;57635;-11549
MG;31307;Ipatinga;239468;227731;-11737
PA;3804;Jacundá;51360;37707;-13653
RS;23002;Viamão;239384;224112;-15272
RJ;3906;Petrópolis;295774;278881;-16893
PA;3457;Ipixuna do Pará;47881;30329;-17552
RJ;5109;São João de Meriti;458673;440962;-17711
BA;14802;Itabuna;204478;186708;-17770
AL;1407;Campo Alegre;51121;32106;-19015
PA;6708;Santana do Araguaia;56153;32413;-23740
PA;7300;São Félix do Xingu;91340;65418;-25922
PE;9600;Olinda;377779;349976;-27803
CE;4400;Fortaleza;2459712;2428708;-31004
RJ;1702;Duque de Caxias;855088;808161;-46927
PE;11606;Recife;1537704;1488920;-48784
RN;8102;Natal;803739;751300;-52439
MG;6200;Belo Horizonte;2375609;2315560;-60049
RS;14902;Porto Alegre;1409351;1332845;-76506
PA;1402;Belém;1393399;1303403;-89996
RJ;4904;São Gonçalo;999728;896744;-102984
RJ;4557;Rio de Janeiro;6320446;6211223;-109223
BA;27408;Salvador;2675656;2417678;-257978
